reach,date,scene,clear_pct,tile_cloud
lower,2017-03-28,S2A_MSIL2A_20170328T051651_R062_T44RLS_20210209T022526,97.9,2.032259
lower,2017-04-17,S2A_MSIL2A_20170417T051651_R062_T44RLS_20210209T081736,100.0,0.022137
lower,2017-05-07,S2A_MSIL2A_20170507T051651_R062_T44RLS_20210209T133932,100.0,0.02494
lower,2017-06-16,S2A_MSIL2A_20170616T051651_R062_T44RLS_20210209T231920,99.5,60.655919
lower,2017-10-09,S2B_MSIL2A_20171009T051709_R062_T44RLS_20210202T160413,100.0,1.987389
lower,2017-11-28,S2B_MSIL2A_20171128T052139_R062_T44RLS_20201014T224251,98.8,0.175845
lower,2017-12-08,S2B_MSIL2A_20171208T052209_R062_T44RLS_20201014T124740,98.0,0.018676
lower,2018-01-22,S2A_MSIL2A_20180122T052111_R062_T44RLS_20201014T074006,99.4,30.558143
lower,2018-02-21,S2A_MSIL2A_20180221T051831_R062_T44RLS_20201013T234409,98.7,0.0921
lower,2018-03-23,S2A_MSIL2A_20180323T051651_R062_T44RLS_20201026T060839,98.0,0.011941
lower,2018-04-27,S2B_MSIL2A_20180427T051649_R062_T44RLS_20201013T032512,100.0,0.049286
lower,2018-05-02,S2A_MSIL2A_20180502T051651_R062_T44RLS_20201012T045231,100.0,0.080677
lower,2018-06-21,S2A_MSIL2A_20180621T051651_R062_T44RLS_20201012T003548,98.1,2.86435
lower,2018-07-06,S2B_MSIL2A_20180706T051649_R062_T44RLS_20201011T124220,97.3,5.513947
lower,2018-09-14,S2B_MSIL2A_20180914T051639_R062_T44RLS_20201009T011342,95.1,5.883849
lower,2018-10-19,S2A_MSIL2A_20181019T051821_R062_T44RLS_20201009T130324,96.9,0.054532
lower,2018-11-08,S2A_MSIL2A_20181108T052021_R062_T44RLS_20201008T164951,99.6,0.10413
lower,2018-12-03,S2B_MSIL2A_20181203T052229_R062_T44RLS_20201008T070658,99.5,0.273052
lower,2019-01-02,S2B_MSIL2A_20190102T052219_R062_T44RLS_20201007T221311,99.1,4.68308
lower,2019-02-16,S2A_MSIL2A_20190216T051901_R062_T44RLS_20201007T171807,94.6,45.233419
lower,2019-03-18,S2A_MSIL2A_20190318T051651_R062_T44RLS_20201007T074617,97.4,0.018606
lower,2019-04-12,S2B_MSIL2A_20190412T051659_R062_T44RLS_20201007T011836,99.7,20.828445
lower,2019-05-02,S2B_MSIL2A_20190502T051659_R062_T44RLS_20201006T091233,100.0,1.570001
lower,2019-06-11,S2B_MSIL2A_20190611T051659_R062_T44RLS_20201006T005707,99.8,0.186446
lower,2019-07-01,S2B_MSIL2A_20190701T051659_R062_T44RLS_20201005T075057,95.3,15.670392
lower,2019-10-04,S2A_MSIL2A_20191004T051651_R062_T44RLS_20201003T222254,97.9,5.268111
lower,2019-11-18,S2B_MSIL2A_20191118T052109_R062_T44RLS_20201003T174523,99.2,20.721759
lower,2019-12-03,S2A_MSIL2A_20191203T052201_R062_T44RLS_20201003T000336,98.4,0.112621
lower,2020-02-06,S2B_MSIL2A_20200206T052009_R062_T44RLS_20201001T024516,98.2,1.031592
lower,2020-03-12,S2A_MSIL2A_20200312T051651_R062_T44RLS_20201006T224010,97.9,11.027157
lower,2020-04-11,S2A_MSIL2A_20200411T051651_R062_T44RLS_20200923T011333,97.8,0.025461
lower,2020-05-16,S2B_MSIL2A_20200516T051649_R062_T44RLS_20200909T221111,99.7,0.079897
lower,2020-06-10,S2A_MSIL2A_20200610T051701_R062_T44RLS_20200826T195759,98.7,3.597297
lower,2020-09-28,S2A_MSIL2A_20200928T051701_R062_T44RLS_20201001T033638,97.2,0.65026
lower,2020-10-18,S2A_MSIL2A_20201018T051831_R062_T44RLS_20201020T012016,100.0,0.069054
lower,2020-11-27,S2A_MSIL2A_20201127T052151_R062_T44RLS_20201127T233007,97.8,0.029847
lower,2020-12-02,S2B_MSIL2A_20201202T052159_R062_T44RLS_20201203T114756,98.9,2.158441
lower,2021-02-15,S2A_MSIL2A_20210215T051911_R062_T44RLS_20210215T194234,98.3,0.044681
lower,2021-03-22,S2B_MSIL2A_20210322T051649_R062_T44RLS_20210322T233654,98.1,0.164518
lower,2021-04-26,S2A_MSIL2A_20210426T051651_R062_T44RLS_20210426T125912,99.5,0.190222
lower,2021-05-01,S2B_MSIL2A_20210501T051649_R062_T44RLS_20210501T160105,99.0,10.805677
lower,2021-07-05,S2A_MSIL2A_20210705T051651_R062_T44RLS_20210705T190024,99.8,3.809443
lower,2021-09-28,S2B_MSIL2A_20210928T051649_R062_T44RLS_20210928T213040,94.0,3.526873
lower,2021-10-08,S2B_MSIL2A_20211008T051709_R062_T44RLS_20211008T155634,99.8,6.2812
lower,2021-11-12,S2A_MSIL2A_20211112T052051_R062_T44RLS_20211114T000301,99.8,5.885319
lower,2021-12-27,S2B_MSIL2A_20211227T052229_R062_T44RLS_20230126T013052,100.0,0.224472
lower,2022-01-01,S2A_MSIL2A_20220101T052231_R062_T44RLS_20220102T040210,98.8,7.33329
lower,2022-02-20,S2A_MSIL2A_20220220T051841_R062_T44RLS_20220225T193943,100.0,0.0
lower,2022-03-12,S2A_MSIL2A_20220312T051651_R062_T44RLS_20240527T175129,100.0,0.000136
lower,2022-04-01,S2A_MSIL2A_20220401T051651_R062_T44RLS_20220401T145808,100.0,0.0
lower,2022-05-06,S2B_MSIL2A_20220506T051649_R062_T44RLS_20220507T082241,100.0,0.32901
lower,2022-06-15,S2B_MSIL2A_20220615T051659_R062_T44RLS_20220616T031541,100.0,0.121267
lower,2022-09-28,S2A_MSIL2A_20220928T051701_R062_T44RLS_20240730T213659,100.0,6.95866
lower,2022-10-23,S2B_MSIL2A_20221023T051849_R062_T44RLS_20221023T232751,100.0,0.000106
lower,2022-11-27,S2A_MSIL2A_20221127T052151_R062_T44RLS_20221129T090504,100.0,0.0
lower,2022-12-12,S2B_MSIL2A_20221212T052219_R062_T44RLS_20221212T184952,100.0,0.000368
lower,2023-01-31,S2B_MSIL2A_20230131T052039_R062_T44RLS_20230131T233154,100.0,0.039154
lower,2023-02-15,S2A_MSIL2A_20230215T051911_R062_T44RLS_20230215T164747,100.0,4e-05
lower,2023-03-27,S2A_MSIL2A_20230327T051651_R062_T44RLS_20240830T220612,100.0,3e-06
lower,2023-04-16,S2A_MSIL2A_20230416T051651_R062_T44RLS_20240901T155652,100.0,0.0
lower,2023-05-06,S2A_MSIL2A_20230506T051651_R062_T44RLS_20230506T114534,100.0,1e-05
lower,2023-06-10,S2B_MSIL2A_20230610T051659_R062_T44RLS_20230610T103242,100.0,0.000859
lower,2023-07-20,S2B_MSIL2A_20230720T051659_R062_T44RLS_20230720T112939,94.9,1.430048
lower,2023-11-12,S2A_MSIL2A_20231112T052041_R062_T44RLS_20231112T100926,100.0,0.0
lower,2023-12-02,S2A_MSIL2A_20231202T052151_R062_T44RLS_20231202T094411,100.0,0.000431
lower,2024-01-01,S2A_MSIL2A_20240101T052221_R062_T44RLS_20240101T101717,95.7,31.949869
lower,2024-02-10,S2A_MSIL2A_20240210T051951_R062_T44RLS_20240210T101201,100.0,5e-05
lower,2024-03-11,S2A_MSIL2A_20240311T051651_R062_T44RLS_20240311T141546,100.0,0.794719
lower,2024-04-10,S2A_MSIL2A_20240410T051651_R062_T44RLS_20240410T145441,100.0,6.5e-05
lower,2024-05-20,S2A_MSIL2A_20240520T051651_R062_T44RLS_20240520T111413,100.0,0.0
lower,2024-06-09,S2A_MSIL2A_20240609T051701_R062_T44RLS_20240609T111810,100.0,0.0
lower,2024-07-14,S2B_MSIL2A_20240714T051649_R062_T44RLS_20240714T093927,100.0,29.010206
lower,2024-09-22,S2B_MSIL2A_20240922T051649_R062_T44RLS_20240922T085319,100.0,39.231557
lower,2024-10-22,S2B_MSIL2A_20241022T051759_R062_T44RLS_20241022T074536,100.0,0.000269
lower,2024-11-21,S2B_MSIL2A_20241121T052029_R062_T44RLS_20241121T075037,100.0,7e-06
lower,2024-12-26,S2A_MSIL2A_20241226T052231_R062_T44RLS_20241226T082750,100.0,3e-06
lower,2025-01-25,S2C_MSIL2A_20250125T052141_R062_T44RLS_20250125T084711,100.0,0.000272
lower,2025-02-24,S2C_MSIL2A_20250224T051841_R062_T44RLS_20250224T103411,100.0,0.000368
lower,2025-03-26,S2C_MSIL2A_20250326T051711_R062_T44RLS_20250326T103119,100.0,0.0
lower,2025-04-05,S2C_MSIL2A_20250405T051711_R062_T44RLS_20250405T105218,100.0,0.0
lower,2025-06-09,S2B_MSIL2A_20250609T051649_R062_T44RLS_20250609T075016,100.0,3.214949
lower,2025-09-24,S2A_MSIL2A_20250924T052241_R062_T44RLS_20250924T083703,100.0,0.891782
lower,2025-11-16,S2B_MSIL2A_20251116T052009_R062_T44RLS_20251116T073129,100.0,0.0
lower,2025-12-01,S2C_MSIL2A_20251201T052211_R062_T44RLS_20251201T084410,100.0,0.001138
lower,2026-01-20,S2C_MSIL2A_20260120T052131_R062_T44RLS_20260120T083615,100.0,0.000292
lower,2026-02-24,S2B_MSIL2A_20260224T051719_R062_T44RLS_20260224T090846,100.0,0.000458
upper,2017-03-28,S2A_MSIL2A_20170328T051651_R062_T44RLS_20210209T022526,100.0,2.032259
upper,2017-04-17,S2A_MSIL2A_20170417T051651_R062_T44RLS_20210209T081736,100.0,0.022137
upper,2017-05-07,S2A_MSIL2A_20170507T051651_R062_T44RLS_20210209T133932,100.0,0.02494
upper,2017-10-14,S2A_MSIL2A_20171014T051751_R062_T44RLS_20201015T000908,99.9,0.03206
upper,2017-11-28,S2B_MSIL2A_20171128T052139_R062_T44RLS_20201014T224251,99.9,0.175845
upper,2017-12-08,S2B_MSIL2A_20171208T052209_R062_T44RLS_20201014T124740,99.3,0.018676
upper,2018-02-21,S2A_MSIL2A_20180221T051831_R062_T44RLS_20201013T234409,100.0,0.0921
upper,2018-03-23,S2A_MSIL2A_20180323T051651_R062_T44RLS_20201026T060839,99.9,0.011941
upper,2018-04-27,S2B_MSIL2A_20180427T051649_R062_T44RLS_20201013T032512,100.0,0.049286
upper,2018-05-07,S2B_MSIL2A_20180507T051649_R062_T44RLS_20201012T070057,100.0,0.06423
upper,2018-06-11,S2A_MSIL2A_20180611T051651_R062_T44RLS_20201026T214301,100.0,3.325918
upper,2018-07-06,S2B_MSIL2A_20180706T051649_R062_T44RLS_20201011T124220,99.4,5.513947
upper,2018-09-19,S2A_MSIL2A_20180919T051651_R062_T44RLS_20201009T024026,97.6,0.858381
upper,2018-10-19,S2A_MSIL2A_20181019T051821_R062_T44RLS_20201009T130324,99.8,0.054532
upper,2018-11-03,S2B_MSIL2A_20181103T051959_R062_T44RLS_20201008T152756,100.0,22.620841
upper,2018-12-03,S2B_MSIL2A_20181203T052229_R062_T44RLS_20201008T070658,100.0,0.273052
upper,2019-01-12,S2B_MSIL2A_20190112T052159_R062_T44RLS_20201008T005812,100.0,2.820538
upper,2019-02-01,S2B_MSIL2A_20190201T052039_R062_T44RLS_20201007T130926,96.8,25.441032
upper,2019-03-18,S2A_MSIL2A_20190318T051651_R062_T44RLS_20201007T074617,99.9,0.018606
upper,2019-04-22,S2B_MSIL2A_20190422T051659_R062_T44RLS_20201105T151334,99.9,0.031626
upper,2019-05-27,S2A_MSIL2A_20190527T051651_R062_T44RLS_20201006T185236,100.0,0.227614
upper,2019-06-01,S2B_MSIL2A_20190601T051659_R062_T44RLS_20201005T205053,100.0,0.138128
upper,2019-09-19,S2B_MSIL2A_20190919T051649_R062_T44RLS_20201004T150042,99.5,14.161838
upper,2019-10-14,S2A_MSIL2A_20191014T051751_R062_T44RLS_20201004T020634,100.0,0.090779
upper,2019-11-03,S2A_MSIL2A_20191103T052001_R062_T44RLS_20201003T123314,100.0,31.221211
upper,2019-12-03,S2A_MSIL2A_20191203T052201_R062_T44RLS_20201003T000336,99.7,0.112621
upper,2020-02-06,S2B_MSIL2A_20200206T052009_R062_T44RLS_20201001T024516,99.8,1.031592
upper,2020-03-02,S2A_MSIL2A_20200302T051721_R062_T44RLS_20200926T021704,100.0,0.046855
upper,2020-04-06,S2B_MSIL2A_20200406T051649_R062_T44RLS_20200925T064017,99.9,0.023016
upper,2020-05-21,S2A_MSIL2A_20200521T051701_R062_T44RLS_20200910T101038,100.0,0.03217
upper,2020-06-10,S2A_MSIL2A_20200610T051701_R062_T44RLS_20200826T195759,97.8,3.597297
upper,2020-09-28,S2A_MSIL2A_20200928T051701_R062_T44RLS_20201001T033638,99.7,0.65026
upper,2020-10-18,S2A_MSIL2A_20201018T051831_R062_T44RLS_20201020T012016,99.9,0.069054
upper,2020-11-07,S2A_MSIL2A_20201107T052021_R062_T44RLS_20201109T024304,99.8,2.017243
upper,2020-12-02,S2B_MSIL2A_20201202T052159_R062_T44RLS_20201203T114756,99.8,2.158441
upper,2021-01-16,S2A_MSIL2A_20210116T052151_R062_T44RLS_20210124T114851,96.1,67.423503
upper,2021-02-15,S2A_MSIL2A_20210215T051911_R062_T44RLS_20210215T194234,99.9,0.044681
upper,2021-03-27,S2A_MSIL2A_20210327T051651_R062_T44RLS_20210327T162907,100.0,0.141041
upper,2021-04-16,S2A_MSIL2A_20210416T051641_R062_T44RLS_20210418T001409,100.0,0.041325
upper,2021-05-26,S2A_MSIL2A_20210526T051651_R062_T44RLS_20210526T142943,100.0,0.236834
upper,2021-06-05,S2A_MSIL2A_20210605T051651_R062_T44RLS_20210605T222808,100.0,29.815864
upper,2021-07-05,S2A_MSIL2A_20210705T051651_R062_T44RLS_20210705T190024,98.9,3.809443
upper,2021-09-28,S2B_MSIL2A_20210928T051649_R062_T44RLS_20210928T213040,99.4,3.526873
upper,2021-11-27,S2B_MSIL2A_20211127T052139_R062_T44RLS_20211128T063407,99.8,2.100097
upper,2021-12-27,S2B_MSIL2A_20211227T052229_R062_T44RLS_20230126T013052,100.0,0.224472
upper,2022-01-01,S2A_MSIL2A_20220101T052231_R062_T44RLS_20220102T040210,99.7,7.33329
upper,2022-02-20,S2A_MSIL2A_20220220T051841_R062_T44RLS_20220225T193943,100.0,0.0
upper,2022-03-12,S2A_MSIL2A_20220312T051651_R062_T44RLS_20240527T175129,100.0,0.000136
upper,2022-04-01,S2A_MSIL2A_20220401T051651_R062_T44RLS_20220401T145808,100.0,0.0
upper,2022-05-06,S2B_MSIL2A_20220506T051649_R062_T44RLS_20220507T082241,100.0,0.32901
upper,2022-06-15,S2B_MSIL2A_20220615T051659_R062_T44RLS_20220616T031541,100.0,0.121267
upper,2022-07-10,S2A_MSIL2A_20220710T051701_R062_T44RLS_20220712T084016,100.0,29.169735
upper,2022-10-28,S2A_MSIL2A_20221028T051931_R062_T44RLS_20240801T073449,100.0,0.001958
upper,2022-11-27,S2A_MSIL2A_20221127T052151_R062_T44RLS_20221129T090504,100.0,0.0
upper,2022-12-12,S2B_MSIL2A_20221212T052219_R062_T44RLS_20221212T184952,100.0,0.000368
upper,2023-01-31,S2B_MSIL2A_20230131T052039_R062_T44RLS_20230131T233154,100.0,0.039154
upper,2024-02-10,S2A_MSIL2A_20240210T051951_R062_T44RLS_20240210T101201,100.0,5e-05
upper,2024-03-11,S2A_MSIL2A_20240311T051651_R062_T44RLS_20240311T141546,100.0,0.794719
upper,2024-04-20,S2A_MSIL2A_20240420T051651_R062_T44RLS_20240420T112038,100.0,0.000411
upper,2024-05-20,S2A_MSIL2A_20240520T051651_R062_T44RLS_20240520T111413,100.0,0.0
upper,2024-06-09,S2A_MSIL2A_20240609T051701_R062_T44RLS_20240609T111810,100.0,0.0
upper,2024-10-22,S2B_MSIL2A_20241022T051759_R062_T44RLS_20241022T074536,100.0,0.000269
upper,2024-11-21,S2B_MSIL2A_20241121T052029_R062_T44RLS_20241121T075037,100.0,7e-06
upper,2025-01-25,S2C_MSIL2A_20250125T052141_R062_T44RLS_20250125T084711,100.0,0.000272
upper,2025-02-14,S2C_MSIL2A_20250214T051941_R062_T44RLS_20250214T102811,100.0,0.000272
upper,2025-03-26,S2C_MSIL2A_20250326T051711_R062_T44RLS_20250326T103119,100.0,0.0
upper,2025-04-05,S2C_MSIL2A_20250405T051711_R062_T44RLS_20250405T105218,100.0,0.0
upper,2025-05-15,S2C_MSIL2A_20250515T051711_R062_T44RLS_20250515T091614,100.0,0.000338
upper,2025-06-09,S2B_MSIL2A_20250609T051649_R062_T44RLS_20250609T075016,100.0,3.214949
upper,2025-11-16,S2B_MSIL2A_20251116T052009_R062_T44RLS_20251116T073129,100.0,0.0
upper,2025-12-01,S2C_MSIL2A_20251201T052211_R062_T44RLS_20251201T084410,100.0,0.001138
upper,2026-01-20,S2C_MSIL2A_20260120T052131_R062_T44RLS_20260120T083615,100.0,0.000292
upper,2026-02-24,S2B_MSIL2A_20260224T051719_R062_T44RLS_20260224T090846,100.0,0.000458
upper,2026-03-01,S2C_MSIL2A_20260301T051741_R062_T44RLS_20260301T104416,100.0,0.0
upper,2026-04-20,S2C_MSIL2A_20260420T052031_R062_T44RLS_20260420T103456,100.0,0.0
upper,2026-05-20,S2C_MSIL2A_20260520T051651_R062_T44RLS_20260520T101712,100.0,0.0
upper,2026-06-14,S2B_MSIL2A_20260614T051649_R062_T44RLS_20260614T091016,100.0,0.016032
upper,2026-07-14,S2B_MSIL2A_20260714T051649_R062_T44RLS_20260714T090106,100.0,15.270768
upper,2026-09-12,S2B_MSIL2A_20260912T051649_R062_T44RLS_20260912T091034,90.3,6.79309
urban,2017-03-28,S2A_MSIL2A_20170328T051651_R062_T44RLS_20210209T022526,100.0,2.032259
urban,2017-04-17,S2A_MSIL2A_20170417T051651_R062_T44RLS_20210209T081736,100.0,0.022137
urban,2017-05-07,S2A_MSIL2A_20170507T051651_R062_T44RLS_20210209T133932,100.0,0.02494
urban,2017-09-19,S2B_MSIL2A_20170919T051639_R062_T44RLS_20210202T061754,97.9,72.362401
urban,2017-10-09,S2B_MSIL2A_20171009T051709_R062_T44RLS_20210202T160413,99.8,1.987389
urban,2017-11-18,S2B_MSIL2A_20171118T052059_R062_T44RLS_20201014T204410,100.0,4.191844
urban,2017-12-08,S2B_MSIL2A_20171208T052209_R062_T44RLS_20201014T124740,99.2,0.018676
urban,2018-01-22,S2A_MSIL2A_20180122T052111_R062_T44RLS_20201014T074006,92.2,30.558143
urban,2018-02-16,S2B_MSIL2A_20180216T051859_R062_T44RLS_20210516T223106,99.6,0.284744
urban,2018-03-08,S2B_MSIL2A_20180308T051639_R062_T44RLS_20201013T080639,99.7,0.009549
urban,2018-04-27,S2B_MSIL2A_20180427T051649_R062_T44RLS_20201013T032512,100.0,0.049286
urban,2018-05-02,S2A_MSIL2A_20180502T051651_R062_T44RLS_20201012T045231,100.0,0.080677
urban,2018-06-21,S2A_MSIL2A_20180621T051651_R062_T44RLS_20201012T003548,99.0,2.86435
urban,2018-09-14,S2B_MSIL2A_20180914T051639_R062_T44RLS_20201009T011342,97.0,5.883849
urban,2018-10-19,S2A_MSIL2A_20181019T051821_R062_T44RLS_20201009T130324,99.4,0.054532
urban,2018-11-18,S2A_MSIL2A_20181118T052101_R062_T44RLS_20201008T193344,100.0,5.581106
urban,2018-12-03,S2B_MSIL2A_20181203T052229_R062_T44RLS_20201008T070658,99.7,0.273052
urban,2019-01-12,S2B_MSIL2A_20190112T052159_R062_T44RLS_20201008T005812,99.1,2.820538
urban,2019-03-18,S2A_MSIL2A_20190318T051651_R062_T44RLS_20201007T074617,99.1,0.018606
urban,2019-04-22,S2B_MSIL2A_20190422T051659_R062_T44RLS_20201105T151334,99.8,0.031626
urban,2019-05-02,S2B_MSIL2A_20190502T051659_R062_T44RLS_20201006T091233,100.0,1.570001
urban,2019-06-01,S2B_MSIL2A_20190601T051659_R062_T44RLS_20201005T205053,99.9,0.138128
urban,2019-07-01,S2B_MSIL2A_20190701T051659_R062_T44RLS_20201005T075057,96.0,15.670392
urban,2019-09-19,S2B_MSIL2A_20190919T051649_R062_T44RLS_20201004T150042,99.3,14.161838
urban,2019-10-09,S2B_MSIL2A_20191009T051719_R062_T44RLS_20201004T002536,99.6,3.168454
urban,2019-11-18,S2B_MSIL2A_20191118T052109_R062_T44RLS_20201003T174523,98.2,20.721759
urban,2019-12-08,S2B_MSIL2A_20191208T052209_R062_T44RLS_20201003T022205,99.4,0.076957
urban,2020-02-11,S2A_MSIL2A_20200211T051941_R062_T44RLS_20201001T164309,99.3,9.836812
urban,2020-03-22,S2A_MSIL2A_20200322T051651_R062_T44RLS_20201014T222408,99.1,0.179329
urban,2020-04-21,S2A_MSIL2A_20200421T051651_R062_T44RLS_20200921T113500,99.8,0.029953
urban,2020-05-21,S2A_MSIL2A_20200521T051701_R062_T44RLS_20200910T101038,99.9,0.03217
urban,2020-06-10,S2A_MSIL2A_20200610T051701_R062_T44RLS_20200826T195759,99.7,3.597297
urban,2020-08-04,S2B_MSIL2A_20200804T051659_R062_T44RLS_20200816T034736,97.8,46.46844
urban,2020-09-28,S2A_MSIL2A_20200928T051701_R062_T44RLS_20201001T033638,98.3,0.65026
urban,2020-10-18,S2A_MSIL2A_20201018T051831_R062_T44RLS_20201020T012016,99.6,0.069054
urban,2020-11-07,S2A_MSIL2A_20201107T052021_R062_T44RLS_20201109T024304,99.7,2.017243
urban,2020-12-02,S2B_MSIL2A_20201202T052159_R062_T44RLS_20201203T114756,99.6,2.158441
urban,2021-02-20,S2B_MSIL2A_20210220T051839_R062_T44RLS_20210220T153130,99.6,2.557802
urban,2021-03-22,S2B_MSIL2A_20210322T051649_R062_T44RLS_20210322T233654,99.7,0.164518
urban,2021-04-16,S2A_MSIL2A_20210416T051641_R062_T44RLS_20210418T001409,100.0,0.041325
urban,2021-05-16,S2A_MSIL2A_20210516T051651_R062_T44RLS_20210517T233256,100.0,2.230798
urban,2021-06-05,S2A_MSIL2A_20210605T051651_R062_T44RLS_20210605T222808,100.0,29.815864
urban,2021-07-05,S2A_MSIL2A_20210705T051651_R062_T44RLS_20210705T190024,98.4,3.809443
urban,2021-09-13,S2A_MSIL2A_20210913T051651_R062_T44RLS_20210913T202956,98.9,10.471092
urban,2021-10-13,S2A_MSIL2A_20211013T051751_R062_T44RLS_20211013T200721,99.1,0.037873
urban,2021-11-17,S2B_MSIL2A_20211117T052109_R062_T44RLS_20211117T204314,99.9,0.71162
urban,2021-12-27,S2B_MSIL2A_20211227T052229_R062_T44RLS_20230126T013052,100.0,0.224472
urban,2022-01-21,S2A_MSIL2A_20220121T052121_R062_T44RLS_20220122T023116,98.1,31.03244
urban,2022-02-20,S2A_MSIL2A_20220220T051841_R062_T44RLS_20220225T193943,100.0,0.0
urban,2022-03-12,S2A_MSIL2A_20220312T051651_R062_T44RLS_20240527T175129,100.0,0.000136
urban,2022-04-01,S2A_MSIL2A_20220401T051651_R062_T44RLS_20220401T145808,100.0,0.0
urban,2022-05-06,S2B_MSIL2A_20220506T051649_R062_T44RLS_20220507T082241,100.0,0.32901
urban,2022-06-15,S2B_MSIL2A_20220615T051659_R062_T44RLS_20220616T031541,100.0,0.121267
urban,2022-09-28,S2A_MSIL2A_20220928T051701_R062_T44RLS_20240730T213659,93.1,6.95866
urban,2022-10-23,S2B_MSIL2A_20221023T051849_R062_T44RLS_20221023T232751,100.0,0.000106
urban,2022-11-27,S2A_MSIL2A_20221127T052151_R062_T44RLS_20221129T090504,100.0,0.0
urban,2022-12-12,S2B_MSIL2A_20221212T052219_R062_T44RLS_20221212T184952,100.0,0.000368
urban,2023-02-15,S2A_MSIL2A_20230215T051911_R062_T44RLS_20230215T164747,100.0,4e-05
urban,2023-03-27,S2A_MSIL2A_20230327T051651_R062_T44RLS_20240830T220612,100.0,3e-06
urban,2023-04-16,S2A_MSIL2A_20230416T051651_R062_T44RLS_20240901T155652,100.0,0.0
urban,2023-05-06,S2A_MSIL2A_20230506T051651_R062_T44RLS_20230506T114534,100.0,1e-05
urban,2023-06-10,S2B_MSIL2A_20230610T051659_R062_T44RLS_20230610T103242,100.0,0.000859
urban,2023-08-29,S2B_MSIL2A_20230829T051659_R062_T44RLS_20230829T122611,98.6,10.732688
urban,2023-09-03,S2A_MSIL2A_20230903T051701_R062_T44RLS_20230903T120854,100.0,1.725051
urban,2023-10-13,S2A_MSIL2A_20231013T051741_R062_T44RLS_20241102T125159,100.0,0.0
urban,2023-11-12,S2A_MSIL2A_20231112T052041_R062_T44RLS_20231112T100926,100.0,0.0
urban,2023-12-02,S2A_MSIL2A_20231202T052151_R062_T44RLS_20231202T094411,100.0,0.000431
urban,2024-01-31,S2A_MSIL2A_20240131T052041_R062_T44RLS_20240131T092338,100.0,29.500026
urban,2024-02-10,S2A_MSIL2A_20240210T051951_R062_T44RLS_20240210T101201,100.0,5e-05
urban,2024-03-11,S2A_MSIL2A_20240311T051651_R062_T44RLS_20240311T141546,100.0,0.794719
urban,2024-04-10,S2A_MSIL2A_20240410T051651_R062_T44RLS_20240410T145441,100.0,6.5e-05
urban,2024-05-20,S2A_MSIL2A_20240520T051651_R062_T44RLS_20240520T111413,100.0,0.0
urban,2024-06-09,S2A_MSIL2A_20240609T051701_R062_T44RLS_20240609T111810,100.0,0.0
urban,2024-09-22,S2B_MSIL2A_20240922T051649_R062_T44RLS_20240922T085319,100.0,39.231557
urban,2024-10-22,S2B_MSIL2A_20241022T051759_R062_T44RLS_20241022T074536,100.0,0.000269
urban,2024-11-21,S2B_MSIL2A_20241121T052029_R062_T44RLS_20241121T075037,100.0,7e-06
urban,2024-12-26,S2A_MSIL2A_20241226T052231_R062_T44RLS_20241226T082750,100.0,3e-06
urban,2025-01-25,S2C_MSIL2A_20250125T052141_R062_T44RLS_20250125T084711,100.0,0.000272
urban,2025-02-14,S2C_MSIL2A_20250214T051941_R062_T44RLS_20250214T102811,100.0,0.000272
urban,2025-03-26,S2C_MSIL2A_20250326T051711_R062_T44RLS_20250326T103119,100.0,0.0
urban,2025-04-05,S2C_MSIL2A_20250405T051711_R062_T44RLS_20250405T105218,100.0,0.0
urban,2025-05-15,S2C_MSIL2A_20250515T051711_R062_T44RLS_20250515T091614,100.0,0.000338
urban,2025-06-09,S2B_MSIL2A_20250609T051649_R062_T44RLS_20250609T075016,100.0,3.214949
urban,2025-09-24,S2A_MSIL2A_20250924T052241_R062_T44RLS_20250924T083703,100.0,0.891782
urban,2025-10-17,S2B_MSIL2A_20251017T051719_R062_T44RLS_20251017T075235,100.0,7.6e-05
urban,2025-11-16,S2B_MSIL2A_20251116T052009_R062_T44RLS_20251116T073129,100.0,0.0
urban,2026-01-20,S2C_MSIL2A_20260120T052131_R062_T44RLS_20260120T083615,100.0,0.000292
urban,2026-02-24,S2B_MSIL2A_20260224T051719_R062_T44RLS_20260224T090846,100.0,0.000458
urban,2026-03-01,S2C_MSIL2A_20260301T051741_R062_T44RLS_20260301T104416,100.0,0.0
urban,2026-06-14,S2B_MSIL2A_20260614T051649_R062_T44RLS_20260614T091016,100.0,0.016032
