reach,date,scene,water_scene,water_src,n_water_px,n_veg_px,n_land_px,valid_near_share,f_bg_mean,f_bg_sd,f_bg_p99,f_near_mean,weq_m,confirmed_index_width_m,excess_px_above_bg_p99,rmse_median,em_water_B03,em_water_B04,em_water_B08,em_water_B11,em_vegetation_B03,em_vegetation_B04,em_vegetation_B08,em_vegetation_B11,em_bright_land_B03,em_bright_land_B04,em_bright_land_B08,em_bright_land_B11,em_dark_land_B03,em_dark_land_B04,em_dark_land_B08,em_dark_land_B11
urban,2018-05-02,S2A_MSIL2A_20180502T051651_R062_T44RLS_20201012T045231,library:S2C_MSIL2A_20250224T051841_R062_T44RLS_20250224T103411+S2A_MSIL2A_20181019T051821_R062_T44RLS_20201009T130324,library,6000,1570,24980,1.0,0.0654,0.09,0.295,0.0659,0.04,0.0,43,0.0276,0.0976,0.087,0.0518,0.0346,0.0852,0.0706,0.3554,0.2401,0.1666,0.2116,0.292,0.3808,0.1186,0.1456,0.2191,0.289
urban,2018-10-19,S2A_MSIL2A_20181019T051821_R062_T44RLS_20201009T130324,S2A_MSIL2A_20181019T051821_R062_T44RLS_20201009T130324,same day,17538,1562,10588,0.994,0.0379,0.0751,0.3087,0.167,10.59,0.07,2173,0.0289,0.1066,0.0978,0.0683,0.0409,0.0792,0.0609,0.3304,0.1893,0.1534,0.1804,0.2636,0.3236,0.1072,0.115,0.1697,0.2133
urban,2020-05-21,S2A_MSIL2A_20200521T051701_R062_T44RLS_20200910T101038,S2A_MSIL2A_20200521T051701_R062_T44RLS_20200910T101038,same day,254,1569,13451,0.999,0.0714,0.0971,0.3383,0.1044,2.71,0.0,428,0.0354,0.1002,0.0896,0.0659,0.0452,0.0849,0.0631,0.374,0.2182,0.1776,0.2148,0.3012,0.3752,0.135,0.1526,0.221,0.2572
urban,2020-10-18,S2A_MSIL2A_20201018T051831_R062_T44RLS_20201020T012016,S2A_MSIL2A_20201018T051831_R062_T44RLS_20201020T012016,same day,8248,1561,11102,0.998,0.0593,0.0968,0.3691,0.1291,5.72,0.13,812,0.0307,0.1182,0.1028,0.0807,0.0399,0.076,0.0569,0.333,0.1816,0.151,0.1804,0.2732,0.3489,0.123,0.1336,0.1904,0.2298
urban,2022-05-06,S2B_MSIL2A_20220506T051649_R062_T44RLS_20220507T082241,S2B_MSIL2A_20220506T051649_R062_T44RLS_20240628T221706,same day,256,1570,19437,1.0,0.0611,0.0901,0.3209,0.1103,4.04,0.0,685,0.0343,0.125,0.1109,0.0744,0.0747,0.0966,0.0755,0.3856,0.2465,0.1816,0.227,0.312,0.3861,0.1422,0.1606,0.2272,0.2795
urban,2022-10-23,S2B_MSIL2A_20221023T051849_R062_T44RLS_20221023T232751,S2B_MSIL2A_20221023T051849_R062_T44RLS_20221023T232751,same day,5552,1570,9595,1.0,0.0385,0.0789,0.3074,0.2957,21.11,1.45,4527,0.0332,0.1284,0.1068,0.0686,0.0278,0.0828,0.0598,0.3408,0.1938,0.1604,0.1802,0.2634,0.3066,0.1012,0.1062,0.159,0.1931
urban,2024-05-20,S2A_MSIL2A_20240520T051651_R062_T44RLS_20240520T111413,S2A_MSIL2A_20240520T051651_R062_T44RLS_20240520T111413,same day,225,1570,24555,1.0,0.0713,0.0991,0.3445,0.0823,0.9,0.0,213,0.0335,0.1472,0.1466,0.0916,0.0811,0.0758,0.058,0.4108,0.2551,0.1902,0.2396,0.3192,0.402,0.1294,0.1586,0.23,0.3034
urban,2024-06-09,S2A_MSIL2A_20240609T051701_R062_T44RLS_20240609T111810,S2A_MSIL2A_20240609T051701_R062_T44RLS_20240609T111810,same day,344,1570,26713,1.0,0.0839,0.11,0.3776,0.1088,2.04,0.0,352,0.037,0.2015,0.1916,0.1371,0.1139,0.07,0.0462,0.4498,0.252,0.2168,0.2668,0.3484,0.4135,0.1404,0.1722,0.251,0.3173
urban,2024-10-22,S2B_MSIL2A_20241022T051759_R062_T44RLS_20241022T074536,S2B_MSIL2A_20241022T051759_R062_T44RLS_20241022T074536,same day,15162,1570,10472,1.0,0.0418,0.0734,0.2752,0.1424,8.26,0.0,1844,0.0312,0.0782,0.0639,0.043,0.019,0.0848,0.065,0.3532,0.211,0.1568,0.184,0.2689,0.334,0.1142,0.125,0.1848,0.2348
urban,2025-05-15,S2C_MSIL2A_20250515T051711_R062_T44RLS_20250515T091614,library:S2C_MSIL2A_20250224T051841_R062_T44RLS_20250224T103411+S2A_MSIL2A_20181019T051821_R062_T44RLS_20201009T130324,library,6000,1570,18772,1.0,0.0639,0.0931,0.3143,0.1259,5.09,0.02,925,0.0333,0.0976,0.087,0.0518,0.0346,0.0891,0.0727,0.386,0.2466,0.1792,0.2186,0.3144,0.3903,0.1302,0.1527,0.2236,0.2771
upper,2018-05-07,S2B_MSIL2A_20180507T051649_R062_T44RLS_20201012T070057,library:S2C_MSIL2A_20250224T051841_R062_T44RLS_20250224T103411+S2A_MSIL2A_20181019T051821_R062_T44RLS_20201009T130324,library,6000,3067,35168,1.0,0.0465,0.0678,0.2767,0.0694,1.81,0.0,353,0.0288,0.0976,0.087,0.0518,0.0346,0.0685,0.0586,0.3372,0.2338,0.1704,0.2144,0.2974,0.3661,0.1252,0.1576,0.2396,0.2988
upper,2018-10-19,S2A_MSIL2A_20181019T051821_R062_T44RLS_20201009T130324,S2A_MSIL2A_20181019T051821_R062_T44RLS_20201009T130324,same day,17538,3062,7588,0.998,0.05,0.0792,0.3281,0.1139,5.05,0.0,1000,0.0287,0.1066,0.0978,0.0683,0.0409,0.0697,0.0549,0.2984,0.186,0.1506,0.1821,0.2762,0.3418,0.1023,0.1186,0.1776,0.2236
upper,2020-05-21,S2A_MSIL2A_20200521T051701_R062_T44RLS_20200910T101038,S2A_MSIL2A_20200521T051701_R062_T44RLS_20200910T101038,same day,254,3066,32664,0.999,0.0574,0.0902,0.373,0.0886,2.47,0.0,216,0.0305,0.1002,0.0896,0.0659,0.0452,0.0805,0.0604,0.3454,0.2241,0.1858,0.2244,0.3124,0.3947,0.1288,0.1538,0.2282,0.2889
upper,2020-10-18,S2A_MSIL2A_20201018T051831_R062_T44RLS_20201020T012016,S2A_MSIL2A_20201018T051831_R062_T44RLS_20201020T012016,same day,8248,3066,14216,0.999,0.0462,0.0785,0.3381,0.0707,1.94,0.0,208,0.028,0.1182,0.1028,0.0807,0.0399,0.0708,0.0551,0.2951,0.1767,0.1412,0.1724,0.2674,0.3644,0.1104,0.1282,0.1915,0.2372
upper,2022-05-06,S2B_MSIL2A_20220506T051649_R062_T44RLS_20220507T082241,S2B_MSIL2A_20220506T051649_R062_T44RLS_20240628T221706,same day,256,3067,41503,1.0,0.0483,0.0915,0.3857,0.0708,1.78,0.0,212,0.0297,0.125,0.1109,0.0744,0.0747,0.0836,0.0695,0.3288,0.2378,0.1866,0.2404,0.324,0.4034,0.1268,0.1536,0.229,0.293
upper,2022-10-28,S2A_MSIL2A_20221028T051931_R062_T44RLS_20240801T073449,S2A_MSIL2A_20221028T051931_R062_T44RLS_20240801T073449,same day,4293,3067,5514,1.0,0.0374,0.085,0.404,0.1002,4.97,0.01,1363,0.02,0.1394,0.1206,0.0856,0.0426,0.1018,0.0866,0.3056,0.1887,0.141,0.162,0.2512,0.305,0.1024,0.103,0.1631,0.1676
upper,2022-11-27,S2A_MSIL2A_20221127T052151_R062_T44RLS_20221129T090504,S2A_MSIL2A_20221127T052151_R062_T44RLS_20221129T090504,same day,10583,3067,27410,1.0,0.0617,0.0811,0.3173,0.0968,2.79,0.0,746,0.024,0.0936,0.0792,0.06,0.0239,0.0716,0.0579,0.2654,0.165,0.1296,0.152,0.2196,0.2843,0.0943,0.105,0.159,0.2019
upper,2024-04-20,S2A_MSIL2A_20240420T051651_R062_T44RLS_20240420T112038,S2A_MSIL2A_20240420T051651_R062_T44RLS_20240420T112038,same day,180,3067,44268,1.0,0.0387,0.0757,0.3534,0.0367,-0.15,0.0,-118,0.0335,0.1775,0.178,0.1328,0.0921,0.0662,0.0611,0.3116,0.2373,0.1772,0.2446,0.352,0.3789,0.1158,0.1574,0.245,0.2938
upper,2024-05-20,S2A_MSIL2A_20240520T051651_R062_T44RLS_20240520T111413,S2A_MSIL2A_20240520T051651_R062_T44RLS_20240520T111413,same day,225,3067,43961,1.0,0.0418,0.0742,0.3331,0.0485,0.53,0.0,75,0.0274,0.1472,0.1466,0.0916,0.0811,0.0724,0.061,0.3352,0.2501,0.1822,0.2337,0.3104,0.4056,0.1258,0.157,0.2274,0.3126
upper,2024-10-22,S2B_MSIL2A_20241022T051759_R062_T44RLS_20241022T074536,S2B_MSIL2A_20241022T051759_R062_T44RLS_20241022T074536,same day,15162,3067,6742,1.0,0.035,0.0616,0.2571,0.0833,3.82,0.0,711,0.0266,0.0782,0.0639,0.043,0.019,0.0814,0.0658,0.3136,0.1983,0.141,0.173,0.2661,0.3542,0.1072,0.121,0.1884,0.236
upper,2025-05-15,S2C_MSIL2A_20250515T051711_R062_T44RLS_20250515T091614,library:S2C_MSIL2A_20250224T051841_R062_T44RLS_20250224T103411+S2A_MSIL2A_20181019T051821_R062_T44RLS_20201009T130324,library,6000,3067,37389,1.0,0.0345,0.0639,0.2807,0.0612,2.11,0.0,459,0.0243,0.0976,0.087,0.0518,0.0346,0.077,0.0654,0.3308,0.2395,0.1692,0.2084,0.2986,0.3893,0.1158,0.1448,0.215,0.3016
upper,2025-11-16,S2B_MSIL2A_20251116T052009_R062_T44RLS_20251116T073129,S2B_MSIL2A_20251116T052009_R062_T44RLS_20251116T073129,same day,2981,3067,26252,1.0,0.0453,0.0666,0.263,0.0598,1.15,0.0,467,0.024,0.1204,0.1023,0.0617,0.025,0.0768,0.0614,0.291,0.1652,0.1292,0.1532,0.2266,0.2904,0.0948,0.106,0.1612,0.2017
lower,2018-05-02,S2A_MSIL2A_20180502T051651_R062_T44RLS_20201012T045231,library:S2C_MSIL2A_20250224T051841_R062_T44RLS_20250224T103411+S2A_MSIL2A_20181019T051821_R062_T44RLS_20201009T130324,library,6000,1620,29895,1.0,0.0368,0.0684,0.2587,0.1219,6.85,0.0,1104,0.0291,0.0976,0.087,0.0518,0.0346,0.0839,0.0755,0.3332,0.2612,0.1886,0.2362,0.3122,0.4064,0.1366,0.1704,0.2558,0.3307
lower,2018-10-19,S2A_MSIL2A_20181019T051821_R062_T44RLS_20201009T130324,S2A_MSIL2A_20181019T051821_R062_T44RLS_20201009T130324,same day,17538,1590,6482,0.949,0.0364,0.1206,0.7307,0.1192,6.66,2.11,258,0.0244,0.1066,0.0978,0.0683,0.0409,0.0802,0.0619,0.319,0.182,0.1638,0.1898,0.2768,0.3471,0.103,0.1072,0.158,0.186
lower,2020-05-16,S2B_MSIL2A_20200516T051649_R062_T44RLS_20200909T221111,library:S2C_MSIL2A_20250224T051841_R062_T44RLS_20250224T103411+S2A_MSIL2A_20181019T051821_R062_T44RLS_20201009T130324,library,6000,1617,24260,0.996,0.0326,0.0706,0.2923,0.1337,8.13,0.0,1263,0.0318,0.0976,0.087,0.0518,0.0346,0.0802,0.059,0.3828,0.2535,0.2347,0.2718,0.3526,0.4371,0.1536,0.1802,0.2604,0.3422
lower,2020-10-18,S2A_MSIL2A_20201018T051831_R062_T44RLS_20201020T012016,S2A_MSIL2A_20201018T051831_R062_T44RLS_20201020T012016,same day,8248,1619,10430,1.0,0.0562,0.0976,0.4214,0.1516,7.68,3.72,998,0.0232,0.1182,0.1028,0.0807,0.0399,0.0937,0.0717,0.3182,0.1792,0.1614,0.1836,0.2723,0.372,0.1294,0.1384,0.2092,0.2496
lower,2022-05-06,S2B_MSIL2A_20220506T051649_R062_T44RLS_20220507T082241,S2B_MSIL2A_20220506T051649_R062_T44RLS_20240628T221706,same day,256,1620,29920,1.0,0.0392,0.0774,0.343,0.1431,8.36,0.0,985,0.0247,0.125,0.1109,0.0744,0.0747,0.0972,0.0864,0.3308,0.2663,0.1896,0.2366,0.312,0.4096,0.1448,0.1726,0.261,0.3319
lower,2022-10-23,S2B_MSIL2A_20221023T051849_R062_T44RLS_20221023T232751,S2B_MSIL2A_20221023T051849_R062_T44RLS_20221023T232751,same day,5552,1620,3932,1.0,0.0435,0.1252,0.6823,0.1732,10.44,4.46,729,0.0257,0.1284,0.1068,0.0686,0.0278,0.0867,0.0669,0.312,0.1775,0.1454,0.1616,0.2432,0.3171,0.0913,0.0852,0.129,0.145
lower,2024-05-20,S2A_MSIL2A_20240520T051651_R062_T44RLS_20240520T111413,S2A_MSIL2A_20240520T051651_R062_T44RLS_20240520T111413,same day,225,1620,30091,1.0,0.0537,0.0963,0.4435,0.1319,6.29,0.0,817,0.0298,0.1472,0.1466,0.0916,0.0811,0.0745,0.0646,0.3628,0.2757,0.1996,0.2598,0.3352,0.4266,0.1422,0.176,0.2546,0.3329
lower,2024-10-22,S2B_MSIL2A_20241022T051759_R062_T44RLS_20241022T074536,S2B_MSIL2A_20241022T051759_R062_T44RLS_20241022T074536,same day,15162,1620,7656,1.0,0.0304,0.0883,0.4039,0.1313,8.13,3.38,918,0.0306,0.0782,0.0639,0.043,0.019,0.0565,0.0392,0.3373,0.1952,0.1478,0.1925,0.29,0.4004,0.0811,0.0938,0.139,0.2063
lower,2025-02-24,S2C_MSIL2A_20250224T051841_R062_T44RLS_20250224T103411,S2C_MSIL2A_20250224T051841_R062_T44RLS_20250224T103411,same day,3943,1620,2573,1.0,0.066,0.0837,0.316,0.2016,10.91,0.39,1914,0.0275,0.081,0.067,0.034,0.0261,0.0454,0.0217,0.4583,0.137,0.1628,0.1948,0.279,0.3416,0.102,0.1212,0.1838,0.2366
lower,2025-11-16,S2B_MSIL2A_20251116T052009_R062_T44RLS_20251116T073129,S2B_MSIL2A_20251116T052009_R062_T44RLS_20251116T073129,same day,2981,1620,28848,1.0,0.0441,0.091,0.3895,0.156,9.01,3.82,1100,0.0218,0.1204,0.1023,0.0617,0.025,0.079,0.0656,0.3001,0.1777,0.1482,0.1744,0.2309,0.3095,0.1112,0.1248,0.18,0.2283
