reach,date,d_lo,n,f_water,mndwi,ndwi,ndvi,b11
urban,2018-05-02,0,2980,0.07722935825586319,-0.46980807185173035,-0.5015376806259155,0.5100710391998291,0.2559185326099396
urban,2018-05-02,10,2967,0.06924952566623688,-0.44750821590423584,-0.4573196470737457,0.4328721761703491,0.26902464032173157
urban,2018-05-02,20,2950,0.06383324414491653,-0.4303840100765228,-0.40703102946281433,0.3570001721382141,0.2865339517593384
urban,2018-05-02,30,2968,0.0533442497253418,-0.4303337037563324,-0.3811883330345154,0.32079529762268066,0.30092182755470276
urban,2018-05-02,40,2921,0.048769015818834305,-0.43180760741233826,-0.36804938316345215,0.300457239151001,0.3096025884151459
urban,2018-05-02,50,2872,0.04898920655250549,-0.43020153045654297,-0.3583862781524658,0.28685128688812256,0.31332919001579285
urban,2018-05-02,60,2801,0.04841547831892967,-0.4290538728237152,-0.3513260781764984,0.2773180902004242,0.3154606223106384
urban,2018-05-02,70,2742,0.05094385892152786,-0.424445241689682,-0.34297996759414673,0.26639440655708313,0.317172646522522
urban,2018-05-02,80,2716,0.0546087808907032,-0.42151975631713867,-0.33940914273262024,0.26187461614608765,0.3164792060852051
urban,2018-05-02,90,2618,0.0568111278116703,-0.4222727417945862,-0.34059473872184753,0.26568976044654846,0.3151891231536865
urban,2018-05-02,100,2604,0.059742048382759094,-0.4201998710632324,-0.3393546938896179,0.2653016149997711,0.3137361705303192
urban,2018-05-02,110,2527,0.06270989775657654,-0.4167928695678711,-0.3360287547111511,0.26105818152427673,0.3132244646549225
urban,2018-05-02,120,2512,0.06384549289941788,-0.4152601659297943,-0.33224090933799744,0.2571108639240265,0.3131260871887207
urban,2018-05-02,130,2472,0.0645228773355484,-0.4142972528934479,-0.3304661214351654,0.25594639778137207,0.3139541745185852
urban,2018-05-02,140,2396,0.06551937013864517,-0.41338634490966797,-0.3297109305858612,0.25540176033973694,0.3130210041999817
urban,2018-05-02,150,2384,0.06475482136011124,-0.4114792048931122,-0.32632750272750854,0.2511298358440399,0.31360411643981934
urban,2018-05-02,160,2307,0.06587466597557068,-0.41024473309516907,-0.3249700665473938,0.24982142448425293,0.3134180009365082
urban,2018-05-02,170,2251,0.06774560362100601,-0.4091832637786865,-0.32251980900764465,0.24769438803195953,0.31390708684921265
urban,2018-05-02,180,2192,0.0689723789691925,-0.40804654359817505,-0.3233686685562134,0.24944061040878296,0.31329894065856934
urban,2018-05-02,190,2130,0.07267286628484726,-0.4054911434650421,-0.3201013505458832,0.245505690574646,0.31343162059783936
urban,2018-10-19,0,2936,0.2598162293434143,-0.3358912765979767,-0.3448736071586609,0.38680219650268555,0.17370833456516266
urban,2018-10-19,10,2955,0.20314903557300568,-0.3414125144481659,-0.38342735171318054,0.4154338240623474,0.18697910010814667
urban,2018-10-19,20,2944,0.1309211105108261,-0.35267025232315063,-0.4189230501651764,0.4396876096725464,0.2066444307565689
urban,2018-10-19,30,2958,0.07465269416570663,-0.3733404874801636,-0.42624691128730774,0.43881717324256897,0.22404256463050842
urban,2018-10-19,40,2905,0.050804246217012405,-0.387921541929245,-0.42517513036727905,0.4319593906402588,0.23616167902946472
urban,2018-10-19,50,2852,0.042979054152965546,-0.39300480484962463,-0.4205746054649353,0.4231910705566406,0.2418913096189499
urban,2018-10-19,60,2784,0.03651123866438866,-0.3957931399345398,-0.4158349633216858,0.41466066241264343,0.2457946091890335
urban,2018-10-19,70,2725,0.031830355525016785,-0.39654162526130676,-0.4114322364330292,0.4070037305355072,0.24889042973518372
urban,2018-10-19,80,2701,0.031330656260252,-0.3957206904888153,-0.4075283408164978,0.4019142985343933,0.2498476207256317
urban,2018-10-19,90,2607,0.03210017830133438,-0.3972286880016327,-0.4045223891735077,0.39857202768325806,0.2514195740222931
urban,2018-10-19,100,2595,0.03468698263168335,-0.3967680335044861,-0.4030136466026306,0.3976500332355499,0.25154614448547363
urban,2018-10-19,110,2513,0.035762540996074677,-0.395185261964798,-0.39971843361854553,0.39155152440071106,0.2531224489212036
urban,2018-10-19,120,2501,0.03683313727378845,-0.3955385684967041,-0.3986465036869049,0.39191165566444397,0.2529791593551636
urban,2018-10-19,130,2460,0.035316113382577896,-0.395729660987854,-0.3976771831512451,0.3890454173088074,0.2536322772502899
urban,2018-10-19,140,2388,0.037406519055366516,-0.39149537682533264,-0.39430010318756104,0.3874146640300751,0.25278687477111816
urban,2018-10-19,150,2382,0.038573551923036575,-0.3923596739768982,-0.39288780093193054,0.3844773471355438,0.2530927360057831
urban,2018-10-19,160,2306,0.03776136785745621,-0.3913823962211609,-0.3917582631111145,0.3834890127182007,0.25336378812789917
urban,2018-10-19,170,2248,0.03681681677699089,-0.3908930718898773,-0.3912891745567322,0.3827110230922699,0.2535645365715027
urban,2018-10-19,180,2183,0.04193638637661934,-0.38781431317329407,-0.3864683508872986,0.3766705393791199,0.25443145632743835
urban,2018-10-19,190,2124,0.04577802121639252,-0.38422051072120667,-0.38113531470298767,0.36990442872047424,0.25508397817611694
urban,2020-05-21,0,2977,0.1529998928308487,-0.43364885449409485,-0.5003510117530823,0.5416752099990845,0.2211291640996933
urban,2020-05-21,10,2966,0.11631599813699722,-0.4115862250328064,-0.4793327748775482,0.49625200033187866,0.23527182638645172
urban,2020-05-21,20,2950,0.0822627916932106,-0.40383148193359375,-0.4453139007091522,0.4406653940677643,0.2537131607532501
urban,2020-05-21,30,2965,0.06576904654502869,-0.4100264012813568,-0.42636388540267944,0.4123311936855316,0.26863521337509155
urban,2020-05-21,40,2918,0.06149829551577568,-0.4122754633426666,-0.4160826504230499,0.3970186710357666,0.27637821435928345
urban,2020-05-21,50,2864,0.06110745295882225,-0.41149434447288513,-0.4048926830291748,0.3811340034008026,0.2805652618408203
urban,2020-05-21,60,2799,0.06364795565605164,-0.40731683373451233,-0.3952298164367676,0.36821261048316956,0.28239524364471436
urban,2020-05-21,70,2742,0.06181805208325386,-0.40496715903282166,-0.3874956965446472,0.35778743028640747,0.284463107585907
urban,2020-05-21,80,2715,0.06133006885647774,-0.40325623750686646,-0.3830719292163849,0.35252153873443604,0.2848958969116211
urban,2020-05-21,90,2616,0.06019419804215431,-0.4030380845069885,-0.38115933537483215,0.3501597046852112,0.28491291403770447
urban,2020-05-21,100,2603,0.06250854581594467,-0.39983487129211426,-0.3764558434486389,0.3443203568458557,0.2857222259044647
urban,2020-05-21,110,2525,0.06701112538576126,-0.3946421146392822,-0.36757975816726685,0.33176082372665405,0.2864264249801636
urban,2020-05-21,120,2510,0.07009503245353699,-0.39072662591934204,-0.3607083559036255,0.32444292306900024,0.286204069852829
urban,2020-05-21,130,2472,0.06932752579450607,-0.3912719488143921,-0.3605717420578003,0.32426008582115173,0.28611519932746887
urban,2020-05-21,140,2396,0.0677589550614357,-0.39109429717063904,-0.3617479205131531,0.32747822999954224,0.285252183675766
urban,2020-05-21,150,2384,0.0722251832485199,-0.3914429247379303,-0.3628210425376892,0.3286893367767334,0.28390511870384216
urban,2020-05-21,160,2307,0.07656563073396683,-0.3887161910533905,-0.3600824475288391,0.32674652338027954,0.2828022539615631
urban,2020-05-21,170,2251,0.07662016898393631,-0.38814741373062134,-0.3574531674385071,0.3237161636352539,0.28295913338661194
urban,2020-05-21,180,2192,0.07719925791025162,-0.3897469639778137,-0.3577996790409088,0.32352665066719055,0.28305861353874207
urban,2020-05-21,190,2130,0.07736621797084808,-0.3862059414386749,-0.3519113063812256,0.31560230255126953,0.2841501533985138
urban,2020-10-18,0,2967,0.21423441171646118,-0.3547101616859436,-0.43129289150238037,0.48588132858276367,0.18025685846805573
urban,2020-10-18,10,2966,0.15262703597545624,-0.3629259169101715,-0.4560018479824066,0.4921441972255707,0.195832759141922
urban,2020-10-18,20,2948,0.09126768261194229,-0.37343910336494446,-0.45091357827186584,0.46720466017723083,0.21729782223701477
urban,2020-10-18,30,2960,0.057841524481773376,-0.3885194659233093,-0.4343636929988861,0.4379105567932129,0.2356797158718109
urban,2020-10-18,40,2904,0.04576927796006203,-0.3988778293132782,-0.42431145906448364,0.4201517105102539,0.24766187369823456
urban,2020-10-18,50,2853,0.044096436351537704,-0.4009243845939636,-0.41714438796043396,0.4084221124649048,0.2532556653022766
urban,2020-10-18,60,2788,0.04460577666759491,-0.3996780514717102,-0.4090421199798584,0.3973803222179413,0.2566048800945282
urban,2020-10-18,70,2730,0.04487829655408859,-0.3991188704967499,-0.40359029173851013,0.39008432626724243,0.258944571018219
urban,2020-10-18,80,2702,0.04867428168654442,-0.39600294828414917,-0.39876559376716614,0.3842388391494751,0.2597983479499817
urban,2020-10-18,90,2597,0.04998619481921196,-0.3957725465297699,-0.3963327407836914,0.38174712657928467,0.2601016163825989
urban,2020-10-18,100,2580,0.05257498472929001,-0.3931918442249298,-0.39152273535728455,0.37572214007377625,0.2609349191188812
urban,2020-10-18,110,2500,0.05800404027104378,-0.38963067531585693,-0.3862819969654083,0.36843031644821167,0.261859267950058
urban,2020-10-18,120,2486,0.05838649719953537,-0.38896214962005615,-0.38371285796165466,0.3655107617378235,0.2630122900009155
urban,2020-10-18,130,2456,0.05759372189640999,-0.3880634009838104,-0.38021767139434814,0.36248430609703064,0.26351019740104675
urban,2020-10-18,140,2371,0.058338526636362076,-0.3874863386154175,-0.3783459961414337,0.35954251885414124,0.26415732502937317
urban,2020-10-18,150,2369,0.060491662472486496,-0.38677293062210083,-0.3760829567909241,0.35626477003097534,0.26375606656074524
urban,2020-10-18,160,2294,0.06134064495563507,-0.3874349296092987,-0.3748082220554352,0.3535749018192291,0.2632559537887573
urban,2020-10-18,170,2240,0.061994362622499466,-0.38657334446907043,-0.37063920497894287,0.3486722409725189,0.2633683979511261
urban,2020-10-18,180,2180,0.062089718878269196,-0.3857443630695343,-0.3680255115032196,0.3451595902442932,0.26416152715682983
urban,2020-10-18,190,2123,0.06441669911146164,-0.3833218514919281,-0.36286696791648865,0.3378332257270813,0.26573947072029114
urban,2022-05-06,0,2981,0.18191459774971008,-0.41643381118774414,-0.4558025300502777,0.4870551824569702,0.23991145193576813
urban,2022-05-06,10,2970,0.12265359610319138,-0.39847293496131897,-0.4513329863548279,0.4572818875312805,0.25723230838775635
urban,2022-05-06,20,2950,0.07786083966493607,-0.39470767974853516,-0.410851389169693,0.3902541399002075,0.27948054671287537
urban,2022-05-06,30,2968,0.05808068811893463,-0.39865121245384216,-0.3843260705471039,0.35196247696876526,0.2961996793746948
urban,2022-05-06,40,2921,0.05125477910041809,-0.3998695909976959,-0.37054187059402466,0.3310747444629669,0.30554670095443726
urban,2022-05-06,50,2872,0.048378460109233856,-0.3994195759296417,-0.3600541949272156,0.3158249258995056,0.3098156154155731
urban,2022-05-06,60,2801,0.04942053183913231,-0.3979201912879944,-0.3516467809677124,0.3051252067089081,0.3110934793949127
urban,2022-05-06,70,2742,0.04895451292395592,-0.39423003792762756,-0.34316056966781616,0.29378414154052734,0.3127423822879791
urban,2022-05-06,80,2716,0.05048757418990135,-0.39180245995521545,-0.33893391489982605,0.2890411913394928,0.31183862686157227
urban,2022-05-06,90,2618,0.05108563229441643,-0.38963213562965393,-0.33728140592575073,0.2866533696651459,0.3115091919898987
urban,2022-05-06,100,2604,0.052409932017326355,-0.38880354166030884,-0.3359851837158203,0.28545740246772766,0.311191201210022
urban,2022-05-06,110,2527,0.05739123374223709,-0.38573384284973145,-0.33275407552719116,0.282785028219223,0.31014198064804077
urban,2022-05-06,120,2512,0.06276203691959381,-0.3825230598449707,-0.32889509201049805,0.27961304783821106,0.30999037623405457
urban,2022-05-06,130,2472,0.06299508363008499,-0.38197582960128784,-0.32751211524009705,0.2796202600002289,0.30978459119796753
urban,2022-05-06,140,2396,0.061654768884181976,-0.3818783164024353,-0.32826945185661316,0.28077566623687744,0.30979427695274353
urban,2022-05-06,150,2384,0.06173548474907875,-0.3797968924045563,-0.32510700821876526,0.2757033407688141,0.3114607036113739
urban,2022-05-06,160,2307,0.0638023093342781,-0.3777254819869995,-0.32143640518188477,0.27214720845222473,0.3116920292377472
urban,2022-05-06,170,2251,0.06197763606905937,-0.37487760186195374,-0.3132263422012329,0.2617470622062683,0.31324365735054016
urban,2022-05-06,180,2192,0.06256785988807678,-0.37473180890083313,-0.31227484345436096,0.26026269793510437,0.3134564161300659
urban,2022-05-06,190,2130,0.06479433178901672,-0.37007707357406616,-0.30583786964416504,0.25348925590515137,0.31420934200286865
urban,2022-10-23,0,2979,0.44493260979652405,-0.24488027393817902,-0.2810026705265045,0.333590567111969,0.12482037395238876
urban,2022-10-23,10,2968,0.34504789113998413,-0.2466481626033783,-0.36150094866752625,0.4090628921985626,0.14510449767112732
urban,2022-10-23,20,2950,0.23433330655097961,-0.27750882506370544,-0.3853263258934021,0.42255115509033203,0.17404471337795258
urban,2022-10-23,30,2968,0.15768060088157654,-0.31298166513442993,-0.3872799575328827,0.4150983989238739,0.1992487758398056
urban,2022-10-23,40,2921,0.11038374155759811,-0.3403489291667938,-0.39649590849876404,0.41980963945388794,0.21697811782360077
urban,2022-10-23,50,2872,0.07753006368875504,-0.3596155643463135,-0.4038638174533844,0.4247341454029083,0.227214977145195
urban,2022-10-23,60,2801,0.059272151440382004,-0.36898869276046753,-0.4056665301322937,0.4248339831829071,0.23332500457763672
urban,2022-10-23,70,2742,0.04558487981557846,-0.37565842270851135,-0.40447303652763367,0.4217771887779236,0.23742292821407318
urban,2022-10-23,80,2716,0.03909491375088692,-0.3776089549064636,-0.40231209993362427,0.41786205768585205,0.23898077011108398
urban,2022-10-23,90,2618,0.036109648644924164,-0.37806200981140137,-0.4023244380950928,0.41779232025146484,0.23960626125335693
urban,2022-10-23,100,2604,0.03445618972182274,-0.3785440921783447,-0.39852461218833923,0.4120594561100006,0.2407943159341812
urban,2022-10-23,110,2527,0.03695540875196457,-0.3753059208393097,-0.39343637228012085,0.40442538261413574,0.2411770224571228
urban,2022-10-23,120,2512,0.03807162865996361,-0.37317025661468506,-0.3886738121509552,0.398166298866272,0.2418406754732132
urban,2022-10-23,130,2472,0.03908684477210045,-0.3723148703575134,-0.3876951038837433,0.3991014063358307,0.24121977388858795
urban,2022-10-23,140,2396,0.03855607658624649,-0.3726784288883209,-0.3889590799808502,0.40070319175720215,0.24084915220737457
urban,2022-10-23,150,2384,0.038394443690776825,-0.3712751567363739,-0.3895099461078644,0.4010854661464691,0.24078144133090973
urban,2022-10-23,160,2307,0.03784341365098953,-0.37107226252555847,-0.38969340920448303,0.4024638831615448,0.24054677784442902
urban,2022-10-23,170,2251,0.038235656917095184,-0.36849257349967957,-0.38189661502838135,0.3926282823085785,0.24149827659130096
urban,2022-10-23,180,2192,0.04162604734301567,-0.36481237411499023,-0.3781794607639313,0.3869030773639679,0.2414003312587738
urban,2022-10-23,190,2130,0.04308343306183815,-0.36281275749206543,-0.373081237077713,0.38082465529441833,0.2419453114271164
urban,2024-05-20,0,2981,0.12062058597803116,-0.5123979449272156,-0.5256672501564026,0.5221356153488159,0.2725985646247864
urban,2024-05-20,10,2970,0.08856966346502304,-0.46483874320983887,-0.47288084030151367,0.43662336468696594,0.2873965799808502
urban,2024-05-20,20,2950,0.06594934314489365,-0.44185909628868103,-0.42054077982902527,0.36050283908843994,0.30621129274368286
urban,2024-05-20,30,2968,0.053824394941329956,-0.4374237358570099,-0.3927595019340515,0.32558706402778625,0.3206811547279358
urban,2024-05-20,40,2921,0.04938413202762604,-0.43406781554222107,-0.3762516379356384,0.30599114298820496,0.32817062735557556
urban,2024-05-20,50,2872,0.04940732195973396,-0.42928415536880493,-0.3658759295940399,0.29229503870010376,0.33171072602272034
urban,2024-05-20,60,2801,0.052445024251937866,-0.4258480966091156,-0.35994142293930054,0.2865980267524719,0.33147183060646057
urban,2024-05-20,70,2742,0.05315474420785904,-0.4218108355998993,-0.35265299677848816,0.27727580070495605,0.3323456645011902
urban,2024-05-20,80,2716,0.058178775012493134,-0.41732144355773926,-0.3490045964717865,0.27505722641944885,0.33090725541114807
urban,2024-05-20,90,2618,0.0596405491232872,-0.41533637046813965,-0.3480930030345917,0.2737138569355011,0.3300683796405792
urban,2024-05-20,100,2604,0.061391137540340424,-0.41264012455940247,-0.34672459959983826,0.27357733249664307,0.3296012282371521
urban,2024-05-20,110,2527,0.06750611215829849,-0.40827158093452454,-0.3417260944843292,0.26790153980255127,0.3284941017627716
urban,2024-05-20,120,2512,0.0737280398607254,-0.403727263212204,-0.3354402184486389,0.2633110582828522,0.328186959028244
urban,2024-05-20,130,2472,0.07461921870708466,-0.40546637773513794,-0.3364362120628357,0.26499515771865845,0.3274245858192444
urban,2024-05-20,140,2396,0.07365179806947708,-0.4058907926082611,-0.3364722430706024,0.2659890651702881,0.32723280787467957
urban,2024-05-20,150,2384,0.07348593324422836,-0.40247517824172974,-0.33177319169044495,0.25981608033180237,0.328230619430542
urban,2024-05-20,160,2307,0.07319425046443939,-0.40002691745758057,-0.32869163155555725,0.25641199946403503,0.32890138030052185
urban,2024-05-20,170,2251,0.0710560604929924,-0.39777591824531555,-0.3223705291748047,0.24912647902965546,0.3309837877750397
urban,2024-05-20,180,2192,0.0722125768661499,-0.39598825573921204,-0.3210929334163666,0.24790236353874207,0.33106425404548645
urban,2024-05-20,190,2130,0.07335811853408813,-0.39235636591911316,-0.31366705894470215,0.23919595777988434,0.33223849534988403
urban,2024-06-09,0,2981,0.15734106302261353,-0.5252720713615417,-0.5380918979644775,0.5329486727714539,0.27480801939964294
urban,2024-06-09,10,2970,0.1200747936964035,-0.4470677673816681,-0.4654639959335327,0.4284786283969879,0.29153162240982056
urban,2024-06-09,20,2950,0.08893013745546341,-0.4103008806705475,-0.4064767062664032,0.3488028049468994,0.3123641610145569
urban,2024-06-09,30,2968,0.06853675097227097,-0.40373456478118896,-0.3779895603656769,0.3143632709980011,0.32829904556274414
urban,2024-06-09,40,2921,0.06305225938558578,-0.39915311336517334,-0.362687349319458,0.29770663380622864,0.33597278594970703
urban,2024-06-09,50,2872,0.061199452728033066,-0.39331701397895813,-0.3520936667919159,0.28496164083480835,0.3393698036670685
urban,2024-06-09,60,2801,0.06383907049894333,-0.3903793394565582,-0.349386602640152,0.28340470790863037,0.33886241912841797
urban,2024-06-09,70,2742,0.06507363170385361,-0.38511237502098083,-0.34233197569847107,0.27629220485687256,0.33962059020996094
urban,2024-06-09,80,2716,0.06971121579408646,-0.38023319840431213,-0.3395659029483795,0.27449703216552734,0.33825600147247314
urban,2024-06-09,90,2618,0.07120271772146225,-0.37752389907836914,-0.33840733766555786,0.2743639051914215,0.3374992907047272
urban,2024-06-09,100,2604,0.07280786335468292,-0.37455424666404724,-0.3350496292114258,0.2703256905078888,0.3374181091785431
urban,2024-06-09,110,2527,0.07990668714046478,-0.36850956082344055,-0.3286774754524231,0.2638355493545532,0.3366536796092987
urban,2024-06-09,120,2512,0.08627470582723618,-0.3651421368122101,-0.32312846183776855,0.25940650701522827,0.3365965187549591
urban,2024-06-09,130,2472,0.08725862950086594,-0.36630213260650635,-0.32334989309310913,0.26083773374557495,0.335754930973053
urban,2024-06-09,140,2396,0.08673190325498581,-0.36638975143432617,-0.32278600335121155,0.2604576647281647,0.33588117361068726
urban,2024-06-09,150,2384,0.0854976698756218,-0.3632987141609192,-0.31853199005126953,0.25449034571647644,0.3367961645126343
urban,2024-06-09,160,2307,0.08593159168958664,-0.3608475625514984,-0.3159838914871216,0.2508448660373688,0.3371611535549164
urban,2024-06-09,170,2251,0.08417082577943802,-0.356923371553421,-0.30704236030578613,0.24074670672416687,0.3392195403575897
urban,2024-06-09,180,2192,0.08491968363523483,-0.35636863112449646,-0.3072071075439453,0.24178025126457214,0.3388080298900604
urban,2024-06-09,190,2130,0.08738101273775101,-0.35164105892181396,-0.29985862970352173,0.23373736441135406,0.3398588299751282
urban,2024-10-22,0,2981,0.23972487449645996,-0.35649892687797546,-0.35034486651420593,0.3746255040168762,0.18805576860904694
urban,2024-10-22,10,2970,0.17738887667655945,-0.35965079069137573,-0.4242136478424072,0.44151943922042847,0.20836767554283142
urban,2024-10-22,20,2950,0.09787823259830475,-0.3849853575229645,-0.43581968545913696,0.4410962462425232,0.23349423706531525
urban,2024-10-22,30,2968,0.0539315789937973,-0.4051932096481323,-0.4276818037033081,0.4255061447620392,0.2522279620170593
urban,2024-10-22,40,2921,0.042637068778276443,-0.4121612012386322,-0.42389723658561707,0.41950100660324097,0.2614126205444336
urban,2024-10-22,50,2872,0.036805134266614914,-0.4178919792175293,-0.42536816000938416,0.41929903626441956,0.2651371955871582
urban,2024-10-22,60,2801,0.035860978066921234,-0.41782963275909424,-0.4234103560447693,0.4172431230545044,0.2660767734050751
urban,2024-10-22,70,2742,0.03567169979214668,-0.4159507751464844,-0.420378714799881,0.41387292742729187,0.26681089401245117
urban,2024-10-22,80,2716,0.03660913184285164,-0.4122684895992279,-0.4165056645870209,0.40901243686676025,0.26722848415374756
urban,2024-10-22,90,2618,0.03703363612294197,-0.41256389021873474,-0.41609564423561096,0.4081360697746277,0.26669037342071533
urban,2024-10-22,100,2604,0.03764085844159126,-0.4127083718776703,-0.4125485420227051,0.40134093165397644,0.26811179518699646
urban,2024-10-22,110,2527,0.04003489762544632,-0.40930426120758057,-0.4054741859436035,0.392290323972702,0.2685607373714447
urban,2024-10-22,120,2512,0.04161015897989273,-0.4076438546180725,-0.4016573131084442,0.3882759213447571,0.2691706717014313
urban,2024-10-22,130,2472,0.04176439717411995,-0.40807661414146423,-0.39970725774765015,0.38622450828552246,0.26954472064971924
urban,2024-10-22,140,2396,0.04118921235203743,-0.4077850580215454,-0.4002678394317627,0.387084424495697,0.26954126358032227
urban,2024-10-22,150,2384,0.04100067913532257,-0.40711480379104614,-0.39911186695098877,0.38507094979286194,0.2699836790561676
urban,2024-10-22,160,2307,0.041182730346918106,-0.4046681225299835,-0.39633721113204956,0.3822571635246277,0.2694019675254822
urban,2024-10-22,170,2251,0.043055471032857895,-0.4025195240974426,-0.39174965023994446,0.37874457240104675,0.26954108476638794
urban,2024-10-22,180,2192,0.04393202066421509,-0.3998991549015045,-0.3888736665248871,0.3760482966899872,0.2685030996799469
urban,2024-10-22,190,2130,0.047534335404634476,-0.39818552136421204,-0.3856315612792969,0.37165671586990356,0.26892539858818054
urban,2025-05-15,0,2981,0.21005471050739288,-0.399664044380188,-0.4006393253803253,0.40217962861061096,0.22962883114814758
urban,2025-05-15,10,2970,0.1449805349111557,-0.401288777589798,-0.4371010661125183,0.42296478152275085,0.2504580020904541
urban,2025-05-15,20,2950,0.08826784044504166,-0.40947678685188293,-0.4186728298664093,0.3869851529598236,0.2766917049884796
urban,2025-05-15,30,2968,0.05984886735677719,-0.4183253347873688,-0.3989030718803406,0.35719242691993713,0.296107679605484
urban,2025-05-15,40,2921,0.05069853737950325,-0.42080941796302795,-0.3861531615257263,0.3400708734989166,0.3063076436519623
urban,2025-05-15,50,2872,0.04641284793615341,-0.4205532968044281,-0.37676364183425903,0.3263092339038849,0.311198890209198
urban,2025-05-15,60,2801,0.04617362469434738,-0.41860607266426086,-0.3707473576068878,0.3182525336742401,0.31284064054489136
urban,2025-05-15,70,2742,0.04854419454932213,-0.41362738609313965,-0.3615640699863434,0.30745717883110046,0.3143214285373688
urban,2025-05-15,80,2716,0.05210354924201965,-0.4098562002182007,-0.3549341857433319,0.29909953474998474,0.31374767422676086
urban,2025-05-15,90,2618,0.05419253185391426,-0.4089534878730774,-0.3543912470340729,0.29873523116111755,0.31272706389427185
urban,2025-05-15,100,2604,0.05608297511935234,-0.4071480333805084,-0.35324618220329285,0.29704102873802185,0.31261053681373596
urban,2025-05-15,110,2527,0.059969328343868256,-0.40234991908073425,-0.34813201427459717,0.29084983468055725,0.31254643201828003
urban,2025-05-15,120,2512,0.0643678605556488,-0.3992682695388794,-0.34435534477233887,0.2879887521266937,0.31180116534233093
urban,2025-05-15,130,2472,0.06572671234607697,-0.3995824158191681,-0.3423016369342804,0.2860669493675232,0.3111793100833893
urban,2025-05-15,140,2396,0.06532418727874756,-0.39934486150741577,-0.34231260418891907,0.28592586517333984,0.31057485938072205
urban,2025-05-15,150,2384,0.06685411185026169,-0.3983754515647888,-0.3404325544834137,0.28404149413108826,0.31084421277046204
urban,2025-05-15,160,2307,0.06754447519779205,-0.3975101411342621,-0.33940210938453674,0.2824094295501709,0.3109988272190094
urban,2025-05-15,170,2251,0.06399316340684891,-0.3959532082080841,-0.3337595462799072,0.27620741724967957,0.3129168450832367
urban,2025-05-15,180,2192,0.06449397653341293,-0.39495524764060974,-0.3336127996444702,0.2750338613986969,0.31270644068717957
urban,2025-05-15,190,2130,0.065882608294487,-0.3930598795413971,-0.33068668842315674,0.2734549939632416,0.31406864523887634
upper,2018-05-07,0,6071,0.09084685146808624,-0.5137706398963928,-0.5085622072219849,0.48582029342651367,0.2621975839138031
upper,2018-05-07,10,5984,0.07502621412277222,-0.4734959602355957,-0.45761460065841675,0.4031101167201996,0.2735436260700226
upper,2018-05-07,20,5903,0.060768429189920425,-0.45542654395103455,-0.42188072204589844,0.3523910343647003,0.287712424993515
upper,2018-05-07,30,5857,0.05020185932517052,-0.45671212673187256,-0.41063427925109863,0.3363262116909027,0.2977939546108246
upper,2018-05-07,40,5670,0.04467187076807022,-0.45728620886802673,-0.4055546224117279,0.3299045264720917,0.30259621143341064
upper,2018-05-07,50,5504,0.043307624757289886,-0.45505887269973755,-0.40070149302482605,0.3232991397380829,0.30470070242881775
upper,2018-05-07,60,5375,0.04197857901453972,-0.45388785004615784,-0.3983040452003479,0.3205265402793884,0.3056475818157196
upper,2018-05-07,70,5204,0.04021400585770607,-0.45369064807891846,-0.3981821835041046,0.3207928538322449,0.30592337250709534
upper,2018-05-07,80,5096,0.04083007574081421,-0.4531973898410797,-0.3974575996398926,0.31930676102638245,0.3061278164386749
upper,2018-05-07,90,4967,0.04215893894433975,-0.45181262493133545,-0.39800184965133667,0.3212347626686096,0.30514949560165405
upper,2018-05-07,100,4909,0.044518258422613144,-0.4512965977191925,-0.39701706171035767,0.31983014941215515,0.30505919456481934
upper,2018-05-07,110,4856,0.044904500246047974,-0.4517575800418854,-0.3984581530094147,0.3221774399280548,0.3042508661746979
upper,2018-05-07,120,4771,0.044135767966508865,-0.4526365101337433,-0.3994186520576477,0.3230704963207245,0.3037431538105011
upper,2018-05-07,130,4723,0.04636068642139435,-0.4535769820213318,-0.40044349431991577,0.32560786604881287,0.30291980504989624
upper,2018-05-07,140,4664,0.047937266528606415,-0.4538472592830658,-0.40131494402885437,0.3273583650588989,0.30197498202323914
upper,2018-05-07,150,4655,0.04700775817036629,-0.45361632108688354,-0.39948102831840515,0.32407495379447937,0.30273720622062683
upper,2018-05-07,160,4582,0.04776619002223015,-0.4528862535953522,-0.39851248264312744,0.32361504435539246,0.30201366543769836
upper,2018-05-07,170,4531,0.04754243418574333,-0.450296550989151,-0.3957466185092926,0.31977006793022156,0.30261531472206116
upper,2018-05-07,180,4497,0.04727286100387573,-0.44899773597717285,-0.39418360590934753,0.3176596760749817,0.3030704855918884
upper,2018-05-07,190,4389,0.04786059632897377,-0.4490484297275543,-0.3946740925312042,0.31851980090141296,0.30273205041885376
upper,2018-10-19,0,6042,0.1703602522611618,-0.4058893322944641,-0.45086607336997986,0.4887629449367523,0.18469277024269104
upper,2018-10-19,10,5967,0.13340434432029724,-0.41146284341812134,-0.468157023191452,0.49492910504341125,0.19505564868450165
upper,2018-10-19,20,5901,0.08906585723161697,-0.41955816745758057,-0.48103249073028564,0.49710768461227417,0.20910382270812988
upper,2018-10-19,30,5854,0.060755785554647446,-0.43134576082229614,-0.4779667854309082,0.48754316568374634,0.22130173444747925
upper,2018-10-19,40,5667,0.05065803974866867,-0.439907968044281,-0.47574421763420105,0.48113059997558594,0.22747516632080078
upper,2018-10-19,50,5497,0.04738688841462135,-0.4413961172103882,-0.4726182818412781,0.47570541501045227,0.23055028915405273
upper,2018-10-19,60,5364,0.04707001894712448,-0.4429079294204712,-0.4717791676521301,0.47285914421081543,0.23152770102024078
upper,2018-10-19,70,5196,0.0459316186606884,-0.4444807469844818,-0.47201135754585266,0.4716929793357849,0.23239688575267792
upper,2018-10-19,80,5090,0.046010877937078476,-0.44540536403656006,-0.471811980009079,0.470588356256485,0.232627734541893
upper,2018-10-19,90,4959,0.04704038053750992,-0.446113646030426,-0.47214630246162415,0.46973955631256104,0.23216195404529572
upper,2018-10-19,100,4901,0.0475616492331028,-0.44667112827301025,-0.469877690076828,0.4663735628128052,0.2331208735704422
upper,2018-10-19,110,4849,0.04861312359571457,-0.4480848014354706,-0.47186407446861267,0.46874406933784485,0.23227651417255402
upper,2018-10-19,120,4765,0.048584066331386566,-0.44728437066078186,-0.47068560123443604,0.46617311239242554,0.232803612947464
upper,2018-10-19,130,4715,0.048631031066179276,-0.44755640625953674,-0.47291409969329834,0.4684152901172638,0.23202110826969147
upper,2018-10-19,140,4660,0.050236813724040985,-0.4477391242980957,-0.47089236974716187,0.4658181071281433,0.23162522912025452
upper,2018-10-19,150,4650,0.04976228252053261,-0.4470398724079132,-0.4673498272895813,0.46087154746055603,0.23230811953544617
upper,2018-10-19,160,4575,0.051558759063482285,-0.4467063844203949,-0.46781840920448303,0.46174830198287964,0.2308749556541443
upper,2018-10-19,170,4526,0.050866011530160904,-0.4455792009830475,-0.4667385220527649,0.4593594968318939,0.2313990294933319
upper,2018-10-19,180,4494,0.05260814353823662,-0.44556814432144165,-0.468477725982666,0.4627261161804199,0.23008346557617188
upper,2018-10-19,190,4388,0.05256594717502594,-0.4448622763156891,-0.46816378831863403,0.46226340532302856,0.2297126203775406
upper,2020-05-21,0,6057,0.11439582705497742,-0.46186363697052,-0.47254589200019836,0.4850694239139557,0.2501177191734314
upper,2020-05-21,10,5975,0.0977509543299675,-0.4318315386772156,-0.43550947308540344,0.42041128873825073,0.26332563161849976
upper,2020-05-21,20,5902,0.0782553032040596,-0.42158883810043335,-0.40432947874069214,0.37017232179641724,0.28021857142448425
upper,2020-05-21,30,5857,0.06287137418985367,-0.42697256803512573,-0.39187008142471313,0.35153815150260925,0.29318341612815857
upper,2020-05-21,40,5670,0.05736883729696274,-0.4306214451789856,-0.3846663236618042,0.3408104181289673,0.29995667934417725
upper,2020-05-21,50,5504,0.05654161050915718,-0.4300679564476013,-0.37939995527267456,0.334017813205719,0.30278080701828003
upper,2020-05-21,60,5375,0.0558013878762722,-0.4301469027996063,-0.3782731294631958,0.3327380120754242,0.30357038974761963
upper,2020-05-21,70,5206,0.055798184126615524,-0.42941269278526306,-0.3770550787448883,0.33099085092544556,0.3037396967411041
upper,2020-05-21,80,5098,0.05618538707494736,-0.42849549651145935,-0.37498676776885986,0.3277091383934021,0.3033514618873596
upper,2020-05-21,90,4967,0.05559678003191948,-0.4276151657104492,-0.37490424513816833,0.3268437683582306,0.30323657393455505
upper,2020-05-21,100,4909,0.05548044666647911,-0.4274309575557709,-0.3758455216884613,0.328343003988266,0.30362483859062195
upper,2020-05-21,110,4856,0.054434146732091904,-0.4278565049171448,-0.37687432765960693,0.32980477809906006,0.3031541705131531
upper,2020-05-21,120,4771,0.05462988093495369,-0.42698797583580017,-0.3767086863517761,0.32957330346107483,0.30391356348991394
upper,2020-05-21,130,4723,0.05628679320216179,-0.42559537291526794,-0.3744303286075592,0.3261793255805969,0.3036888539791107
upper,2020-05-21,140,4664,0.05698559060692787,-0.4259692430496216,-0.374620646238327,0.32662755250930786,0.3033727705478668
upper,2020-05-21,150,4655,0.05891159176826477,-0.4260178208351135,-0.37310591340065,0.3255572021007538,0.30340805649757385
upper,2020-05-21,160,4580,0.05921702831983566,-0.42696577310562134,-0.37555763125419617,0.3292681872844696,0.30138325691223145
upper,2020-05-21,170,4529,0.05926588550209999,-0.42480480670928955,-0.3735702633857727,0.32694196701049805,0.30174869298934937
upper,2020-05-21,180,4497,0.0589265339076519,-0.4249289035797119,-0.3747488558292389,0.3285444378852844,0.301183819770813
upper,2020-05-21,190,4389,0.06000620871782303,-0.42504799365997314,-0.37603890895843506,0.33024361729621887,0.3003944158554077
upper,2020-10-18,0,6055,0.10657762736082077,-0.4136769473552704,-0.4749223291873932,0.5154663920402527,0.19851505756378174
upper,2020-10-18,10,5976,0.07770627737045288,-0.415149986743927,-0.47440609335899353,0.48945701122283936,0.2125108540058136
upper,2020-10-18,20,5903,0.05483798310160637,-0.42203134298324585,-0.4600933790206909,0.4537489414215088,0.23036892712116241
upper,2020-10-18,30,5855,0.04258880019187927,-0.4344324469566345,-0.44824984669685364,0.4328594207763672,0.24409133195877075
upper,2020-10-18,40,5667,0.041158527135849,-0.44120514392852783,-0.4414185583591461,0.42196857929229736,0.25134527683258057
upper,2020-10-18,50,5501,0.04216080158948898,-0.4432182312011719,-0.4390701949596405,0.4179922640323639,0.2538626790046692
upper,2020-10-18,60,5375,0.04261583462357521,-0.44379937648773193,-0.437698632478714,0.4158773720264435,0.25519776344299316
upper,2020-10-18,70,5206,0.04215496778488159,-0.44415971636772156,-0.43796810507774353,0.4158034324645996,0.2559759318828583
upper,2020-10-18,80,5098,0.04184943810105324,-0.4430846869945526,-0.4378837049007416,0.4161997139453888,0.2556445300579071
upper,2020-10-18,90,4967,0.04156062379479408,-0.44260039925575256,-0.4361536204814911,0.4130816161632538,0.25609222054481506
upper,2020-10-18,100,4909,0.04332070052623749,-0.4405479431152344,-0.43413683772087097,0.41077667474746704,0.2558920383453369
upper,2020-10-18,110,4854,0.0433332696557045,-0.44077664613723755,-0.4358313977718353,0.41373229026794434,0.2550080120563507
upper,2020-10-18,120,4769,0.04450025409460068,-0.4398970603942871,-0.4341684579849243,0.41211143136024475,0.2548147141933441
upper,2020-10-18,130,4723,0.04486890882253647,-0.43935972452163696,-0.4363654553890228,0.41484972834587097,0.2538226246833801
upper,2020-10-18,140,4664,0.045908015221357346,-0.4381205439567566,-0.4357841908931732,0.4146577715873718,0.25306805968284607
upper,2020-10-18,150,4655,0.04524386674165726,-0.4383275806903839,-0.4354775846004486,0.4141460359096527,0.25347381830215454
upper,2020-10-18,160,4580,0.04702764004468918,-0.4373730421066284,-0.4353603720664978,0.41557642817497253,0.25171810388565063
upper,2020-10-18,170,4529,0.04800060763955116,-0.43553581833839417,-0.43303167819976807,0.4124666750431061,0.2525623142719269
upper,2020-10-18,180,4497,0.0503617487847805,-0.43422403931617737,-0.4325713813304901,0.4116104543209076,0.25242117047309875
upper,2020-10-18,190,4389,0.05007817968726158,-0.43432295322418213,-0.43301156163215637,0.41226282715797424,0.25294527411460876
upper,2022-05-06,0,6071,0.08537295460700989,-0.44859638810157776,-0.4619993269443512,0.4718319773674011,0.26119109988212585
upper,2022-05-06,10,5984,0.07915938645601273,-0.42646414041519165,-0.4239259958267212,0.3914637565612793,0.2766861915588379
upper,2022-05-06,20,5903,0.06624385714530945,-0.4212440252304077,-0.3877321183681488,0.32930877804756165,0.296965092420578
upper,2022-05-06,30,5857,0.051796067506074905,-0.42685043811798096,-0.37512466311454773,0.30867040157318115,0.31123998761177063
upper,2022-05-06,40,5670,0.04552352800965309,-0.42853328585624695,-0.36784714460372925,0.2974710464477539,0.3187759220600128
upper,2022-05-06,50,5504,0.04304945841431618,-0.42761921882629395,-0.3620796501636505,0.2896377742290497,0.32288748025894165
upper,2022-05-06,60,5375,0.04028257355093956,-0.4281163215637207,-0.3605610132217407,0.28729015588760376,0.32433921098709106
upper,2022-05-06,70,5206,0.0407506600022316,-0.4262450039386749,-0.3590640425682068,0.28543561697006226,0.324555367231369
upper,2022-05-06,80,5098,0.042143236845731735,-0.42576611042022705,-0.35860130190849304,0.2852679193019867,0.32413631677627563
upper,2022-05-06,90,4967,0.04401635751128197,-0.4253506362438202,-0.3594825565814972,0.2870310842990875,0.3228776752948761
upper,2022-05-06,100,4909,0.04750489071011543,-0.42462027072906494,-0.3584973216056824,0.286907821893692,0.3221762180328369
upper,2022-05-06,110,4856,0.05029677599668503,-0.42462489008903503,-0.36028292775154114,0.29023802280426025,0.3199722170829773
upper,2022-05-06,120,4771,0.05078858137130737,-0.4259021580219269,-0.3618554174900055,0.29215937852859497,0.3196304738521576
upper,2022-05-06,130,4723,0.05186730995774269,-0.4264369010925293,-0.3635545074939728,0.29451942443847656,0.31813663244247437
upper,2022-05-06,140,4664,0.0494215302169323,-0.42668473720550537,-0.3641570508480072,0.2947862148284912,0.3184690475463867
upper,2022-05-06,150,4655,0.047661587595939636,-0.4265030324459076,-0.36384692788124084,0.29506930708885193,0.31941497325897217
upper,2022-05-06,160,4582,0.04624050483107567,-0.42792677879333496,-0.36592617630958557,0.29779893159866333,0.3192424774169922
upper,2022-05-06,170,4531,0.04629213362932205,-0.4260694682598114,-0.3634366989135742,0.2951616942882538,0.3201659321784973
upper,2022-05-06,180,4497,0.04595111310482025,-0.4254779517650604,-0.3630788326263428,0.2937614321708679,0.3205558657646179
upper,2022-05-06,190,4389,0.04691143333911896,-0.42531758546829224,-0.36236149072647095,0.29428839683532715,0.32019689679145813
upper,2022-10-28,0,6071,0.12679390609264374,-0.2312420755624771,-0.3373745083808899,0.3743487298488617,0.16433368623256683
upper,2022-10-28,10,5984,0.1194186881184578,-0.24252894520759583,-0.36440810561180115,0.3914748430252075,0.1758684366941452
upper,2022-10-28,20,5903,0.08835567533969879,-0.2685787081718445,-0.3666037917137146,0.3841143548488617,0.19131770730018616
upper,2022-10-28,30,5857,0.0650378093123436,-0.2929065227508545,-0.3695758879184723,0.38255056738853455,0.20346471667289734
upper,2022-10-28,40,5670,0.05563636124134064,-0.30570295453071594,-0.37174710631370544,0.38207894563674927,0.2104177474975586
upper,2022-10-28,50,5504,0.04958122968673706,-0.3140694200992584,-0.3729378581047058,0.3810966908931732,0.2149486094713211
upper,2022-10-28,60,5375,0.045111555606126785,-0.3178751766681671,-0.37370565533638,0.3811992108821869,0.21695421636104584
upper,2022-10-28,70,5206,0.04110599309206009,-0.3213560879230499,-0.37475618720054626,0.3815244138240814,0.21893392503261566
upper,2022-10-28,80,5098,0.0395025797188282,-0.32208654284477234,-0.375374436378479,0.38095203042030334,0.22007258236408234
upper,2022-10-28,90,4967,0.038279201835393906,-0.32199370861053467,-0.37604644894599915,0.38134077191352844,0.2202526479959488
upper,2022-10-28,100,4909,0.03816204145550728,-0.32214632630348206,-0.3759044110774994,0.38113006949424744,0.22065548598766327
upper,2022-10-28,110,4856,0.0387626588344574,-0.32159820199012756,-0.376107394695282,0.3821471929550171,0.22008398175239563
upper,2022-10-28,120,4771,0.03834801912307739,-0.3225390613079071,-0.3773004710674286,0.38319525122642517,0.2203124612569809
upper,2022-10-28,130,4723,0.037693604826927185,-0.3218103349208832,-0.37859269976615906,0.384493887424469,0.22006364166736603
upper,2022-10-28,140,4664,0.03785331919789314,-0.3214946687221527,-0.37857431173324585,0.3845859169960022,0.22003640234470367
upper,2022-10-28,150,4655,0.036494504660367966,-0.3225669860839844,-0.37938618659973145,0.38509395718574524,0.22098560631275177
upper,2022-10-28,160,4582,0.03734373673796654,-0.3213922083377838,-0.3788902163505554,0.385373055934906,0.22032064199447632
upper,2022-10-28,170,4531,0.036715175956487656,-0.32327502965927124,-0.3784791827201843,0.38357600569725037,0.22192738950252533
upper,2022-10-28,180,4497,0.03693785145878792,-0.3227469027042389,-0.37660452723503113,0.3814661204814911,0.2222331315279007
upper,2022-10-28,190,4389,0.03586451709270477,-0.323606938123703,-0.37700802087783813,0.38228482007980347,0.22263900935649872
upper,2022-11-27,0,6071,0.13722942769527435,-0.38547810912132263,-0.42104488611221313,0.4585026204586029,0.16969619691371918
upper,2022-11-27,10,5984,0.10613159090280533,-0.37261611223220825,-0.41401541233062744,0.4239822328090668,0.18112647533416748
upper,2022-11-27,20,5903,0.07993423938751221,-0.3800658583641052,-0.3896405100822449,0.3827517032623291,0.19604651629924774
upper,2022-11-27,30,5857,0.06254253536462784,-0.3928949236869812,-0.37908250093460083,0.36565688252449036,0.20716601610183716
upper,2022-11-27,40,5670,0.05696893855929375,-0.3965747654438019,-0.37323933839797974,0.3562830090522766,0.21282000839710236
upper,2022-11-27,50,5504,0.05632854625582695,-0.39728108048439026,-0.3697522282600403,0.3509402573108673,0.21513810753822327
upper,2022-11-27,60,5375,0.054307401180267334,-0.39819422364234924,-0.36825740337371826,0.34905391931533813,0.2159721553325653
upper,2022-11-27,70,5206,0.05537954345345497,-0.39717087149620056,-0.3665327727794647,0.3464924991130829,0.21635381877422333
upper,2022-11-27,80,5098,0.057117752730846405,-0.39459019899368286,-0.3653164505958557,0.3449128270149231,0.2159227728843689
upper,2022-11-27,90,4967,0.058164287358522415,-0.39424368739128113,-0.36692070960998535,0.34713760018348694,0.21547110378742218
upper,2022-11-27,100,4909,0.061720479279756546,-0.3936719596385956,-0.3671025037765503,0.34876206517219543,0.2146986722946167
upper,2022-11-27,110,4856,0.06368532031774521,-0.3931869566440582,-0.36951225996017456,0.3524225652217865,0.2141995131969452
upper,2022-11-27,120,4771,0.06435170024633408,-0.393130362033844,-0.3721817135810852,0.35562634468078613,0.21417047083377838
upper,2022-11-27,130,4723,0.0626358762383461,-0.39389705657958984,-0.3751627802848816,0.3596666157245636,0.21344652771949768
upper,2022-11-27,140,4664,0.062001682817935944,-0.3941992223262787,-0.37576550245285034,0.3604485094547272,0.21353992819786072
upper,2022-11-27,150,4655,0.060541290789842606,-0.39410877227783203,-0.37685808539390564,0.3623062074184418,0.21341662108898163
upper,2022-11-27,160,4582,0.06034715846180916,-0.3950110375881195,-0.37733009457588196,0.36351796984672546,0.21345074474811554
upper,2022-11-27,170,4531,0.060544032603502274,-0.3934367597103119,-0.37387362122535706,0.3582123816013336,0.2146759033203125
upper,2022-11-27,180,4497,0.0602872334420681,-0.39260751008987427,-0.3741682469844818,0.35785576701164246,0.2152460813522339
upper,2022-11-27,190,4389,0.06011011824011803,-0.3937734365463257,-0.3751367926597595,0.35831254720687866,0.2159416228532791
upper,2024-04-20,0,6071,0.03435042127966881,-0.5141185522079468,-0.5282063484191895,0.48931246995925903,0.2722834646701813
upper,2024-04-20,10,5984,0.03966917097568512,-0.46636661887168884,-0.4622909724712372,0.3827770948410034,0.2828904092311859
upper,2024-04-20,20,5903,0.0396931916475296,-0.4413621127605438,-0.4170089066028595,0.3159034252166748,0.29710444808006287
upper,2024-04-20,30,5857,0.03314802795648575,-0.4393840432167053,-0.4027041494846344,0.29526829719543457,0.30746379494667053
upper,2024-04-20,40,5670,0.03057524934411049,-0.43972885608673096,-0.3971289098262787,0.2875311076641083,0.31266942620277405
upper,2024-04-20,50,5504,0.030755292624235153,-0.4385385811328888,-0.39356550574302673,0.2811444401741028,0.3149853050708771
upper,2024-04-20,60,5375,0.03069198504090309,-0.43894532322883606,-0.3925473392009735,0.28107577562332153,0.31543707847595215
upper,2024-04-20,70,5206,0.03072211518883705,-0.4379076063632965,-0.3912772536277771,0.28019633889198303,0.31602534651756287
upper,2024-04-20,80,5098,0.031041836366057396,-0.43597760796546936,-0.38842183351516724,0.27826663851737976,0.3166273534297943
upper,2024-04-20,90,4967,0.03226487338542938,-0.4364948272705078,-0.3891977071762085,0.2795574963092804,0.3163605034351349
upper,2024-04-20,100,4909,0.03448847681283951,-0.43596571683883667,-0.38901084661483765,0.2788698971271515,0.31587037444114685
upper,2024-04-20,110,4856,0.035052720457315445,-0.43718215823173523,-0.389909029006958,0.2803257405757904,0.315115749835968
upper,2024-04-20,120,4771,0.0358753427863121,-0.436779648065567,-0.38908103108406067,0.2802462577819824,0.31487444043159485
upper,2024-04-20,130,4723,0.036245230585336685,-0.4379196763038635,-0.389821857213974,0.2818499505519867,0.3140580952167511
upper,2024-04-20,140,4664,0.03784685954451561,-0.437631756067276,-0.39104893803596497,0.2845897674560547,0.3131349980831146
upper,2024-04-20,150,4655,0.038922008126974106,-0.43842437863349915,-0.39227014780044556,0.28587931394577026,0.31271156668663025
upper,2024-04-20,160,4582,0.04084613919258118,-0.43994513154029846,-0.3943491280078888,0.28924277424812317,0.3114239573478699
upper,2024-04-20,170,4531,0.042950406670570374,-0.4395093321800232,-0.3945588767528534,0.2883991599082947,0.3109440803527832
upper,2024-04-20,180,4497,0.041855499148368835,-0.439083456993103,-0.39470693469047546,0.28868865966796875,0.31094416975975037
upper,2024-04-20,190,4389,0.043671946972608566,-0.43839001655578613,-0.3943818509578705,0.2887228727340698,0.3105393350124359
upper,2024-05-20,0,6071,0.047750819474458694,-0.5189304947853088,-0.5088447332382202,0.4865952134132385,0.28743553161621094
upper,2024-05-20,10,5984,0.05260081961750984,-0.47890380024909973,-0.44576823711395264,0.3898470103740692,0.29821068048477173
upper,2024-05-20,20,5903,0.05043478682637215,-0.45714953541755676,-0.40040555596351624,0.32655400037765503,0.3130747079849243
upper,2024-05-20,30,5857,0.04326687008142471,-0.45572343468666077,-0.38549017906188965,0.3066816031932831,0.3237459361553192
upper,2024-05-20,40,5670,0.03855099901556969,-0.4557938277721405,-0.3791733980178833,0.29857292771339417,0.32950758934020996
upper,2024-05-20,50,5504,0.03751011937856674,-0.45362699031829834,-0.3734798729419708,0.29140937328338623,0.33199599385261536
upper,2024-05-20,60,5375,0.036031465977430344,-0.45389261841773987,-0.37223801016807556,0.2898145914077759,0.3330622613430023
upper,2024-05-20,70,5206,0.03544306755065918,-0.45285290479660034,-0.3704219460487366,0.2890951931476593,0.3331754207611084
upper,2024-05-20,80,5098,0.03369222208857536,-0.45127856731414795,-0.3676168918609619,0.28607767820358276,0.3338247537612915
upper,2024-05-20,90,4967,0.03449117764830589,-0.45110368728637695,-0.36806294322013855,0.287083238363266,0.3331082761287689
upper,2024-05-20,100,4909,0.0362405925989151,-0.4486906826496124,-0.36555635929107666,0.2840293347835541,0.33358725905418396
upper,2024-05-20,110,4856,0.03763450309634209,-0.4489935040473938,-0.3670951724052429,0.28621089458465576,0.33245497941970825
upper,2024-05-20,120,4771,0.03800041601061821,-0.4484829008579254,-0.3674440383911133,0.28741762042045593,0.33235010504722595
upper,2024-05-20,130,4723,0.04010655730962753,-0.4490791857242584,-0.3695463538169861,0.29046350717544556,0.33060044050216675
upper,2024-05-20,140,4664,0.04151926189661026,-0.4501262307167053,-0.3730780780315399,0.29548853635787964,0.3293476998806
upper,2024-05-20,150,4655,0.043487101793289185,-0.44981518387794495,-0.3732498586177826,0.297046959400177,0.32864275574684143
upper,2024-05-20,160,4582,0.04478776827454567,-0.4518795311450958,-0.37582749128341675,0.30057063698768616,0.32707148790359497
upper,2024-05-20,170,4531,0.04558073729276657,-0.44870105385780334,-0.37300536036491394,0.29660093784332275,0.3273845613002777
upper,2024-05-20,180,4497,0.04545387625694275,-0.4478946626186371,-0.37320855259895325,0.29796090722084045,0.3267973065376282
upper,2024-05-20,190,4389,0.04638783261179924,-0.4480441212654114,-0.3734292685985565,0.29802173376083374,0.32633325457572937
upper,2024-10-22,0,6071,0.13246369361877441,-0.38602879643440247,-0.44150468707084656,0.4802631735801697,0.1955917328596115
upper,2024-10-22,10,5984,0.09673292189836502,-0.3996134400367737,-0.4718499481678009,0.4955109655857086,0.2104324847459793
upper,2024-10-22,20,5903,0.05929873138666153,-0.41912713646888733,-0.46603628993034363,0.47631973028182983,0.22908037900924683
upper,2024-10-22,30,5857,0.04265531152486801,-0.4347825348377228,-0.45953258872032166,0.4633124768733978,0.24236366152763367
upper,2024-10-22,40,5670,0.03908710181713104,-0.4409330487251282,-0.4546862542629242,0.4545445442199707,0.24912019073963165
upper,2024-10-22,50,5504,0.03834453970193863,-0.44292759895324707,-0.45025795698165894,0.44664645195007324,0.25314682722091675
upper,2024-10-22,60,5375,0.03717721626162529,-0.44515925645828247,-0.4493325650691986,0.4446675479412079,0.2554682791233063
upper,2024-10-22,70,5206,0.03579968959093094,-0.4459390342235565,-0.44729122519493103,0.4402104914188385,0.25786399841308594
upper,2024-10-22,80,5098,0.03497495874762535,-0.44547370076179504,-0.4456104636192322,0.43706798553466797,0.25922083854675293
upper,2024-10-22,90,4967,0.03424566239118576,-0.4461732506752014,-0.44422397017478943,0.4342625141143799,0.25961387157440186
upper,2024-10-22,100,4909,0.033106863498687744,-0.4471122622489929,-0.44183385372161865,0.430012047290802,0.2614632248878479
upper,2024-10-22,110,4856,0.03315768018364906,-0.4479531943798065,-0.4417593479156494,0.4296019375324249,0.26141756772994995
upper,2024-10-22,120,4771,0.033159077167510986,-0.4488670825958252,-0.4406217932701111,0.4272019863128662,0.26295205950737
upper,2024-10-22,130,4723,0.03361580893397331,-0.44854214787483215,-0.44277888536453247,0.42991137504577637,0.2627599239349365
upper,2024-10-22,140,4664,0.0342414416372776,-0.4481266140937805,-0.4434370696544647,0.43087971210479736,0.2630920112133026
upper,2024-10-22,150,4655,0.035000279545784,-0.4474984407424927,-0.4447501003742218,0.4333680272102356,0.2627779245376587
upper,2024-10-22,160,4582,0.036337658762931824,-0.4458078145980835,-0.445445716381073,0.4353889226913452,0.26044782996177673
upper,2024-10-22,170,4531,0.03656426817178726,-0.4451019763946533,-0.4460277557373047,0.4357536733150482,0.2601282000541687
upper,2024-10-22,180,4497,0.03733452036976814,-0.443649023771286,-0.4457251727581024,0.43587037920951843,0.2587239146232605
upper,2024-10-22,190,4389,0.03812391683459282,-0.44235992431640625,-0.44431808590888977,0.43423381447792053,0.25836682319641113
upper,2025-05-15,0,6071,0.08915828168392181,-0.47694429755210876,-0.4711668789386749,0.4643203914165497,0.263295441865921
upper,2025-05-15,10,5984,0.0699162557721138,-0.45835956931114197,-0.43828946352005005,0.401038259267807,0.27786362171173096
upper,2025-05-15,20,5903,0.049650516360998154,-0.4535180330276489,-0.40589118003845215,0.351167768239975,0.2966439425945282
upper,2025-05-15,30,5857,0.03484943136572838,-0.4589827060699463,-0.3931845426559448,0.3318372070789337,0.3092353045940399
upper,2025-05-15,40,5670,0.029265249148011208,-0.4605189859867096,-0.3862267732620239,0.32209932804107666,0.3153702914714813
upper,2025-05-15,50,5504,0.02856268920004368,-0.4584066569805145,-0.379385381937027,0.31227433681488037,0.31834033131599426
upper,2025-05-15,60,5375,0.028185410425066948,-0.4575924873352051,-0.37808477878570557,0.3105529248714447,0.31896090507507324
upper,2025-05-15,70,5206,0.028658004477620125,-0.4565580189228058,-0.3771609365940094,0.3097549378871918,0.3193420171737671
upper,2025-05-15,80,5098,0.030125794932246208,-0.455199658870697,-0.37569496035575867,0.3078911006450653,0.31935936212539673
upper,2025-05-15,90,4967,0.030722245573997498,-0.4557685852050781,-0.37534913420677185,0.30760857462882996,0.3188801109790802
upper,2025-05-15,100,4909,0.033350296318531036,-0.45331284403800964,-0.3729463219642639,0.3053484261035919,0.31888553500175476
upper,2025-05-15,110,4856,0.03348228707909584,-0.45316752791404724,-0.37466371059417725,0.3075621426105499,0.31823694705963135
upper,2025-05-15,120,4771,0.03388591110706329,-0.45332440733909607,-0.3753916323184967,0.3089965879917145,0.3185235261917114
upper,2025-05-15,130,4723,0.03427385538816452,-0.45409277081489563,-0.3779408931732178,0.3121606707572937,0.3180186450481415
upper,2025-05-15,140,4664,0.03379435837268829,-0.45337897539138794,-0.3782573342323303,0.31290942430496216,0.3184889853000641
upper,2025-05-15,150,4655,0.0353337824344635,-0.4514234662055969,-0.376096248626709,0.310791015625,0.3184514045715332
upper,2025-05-15,160,4582,0.034678298979997635,-0.45348796248435974,-0.3786511719226837,0.3135603368282318,0.3182563781738281
upper,2025-05-15,170,4531,0.03492764011025429,-0.45259252190589905,-0.37793782353401184,0.31310585141181946,0.31835177540779114
upper,2025-05-15,180,4497,0.035540226846933365,-0.45266613364219666,-0.3791733682155609,0.3142630159854889,0.31787940859794617
upper,2025-05-15,190,4389,0.03586426377296448,-0.4521479904651642,-0.3782583773136139,0.313131719827652,0.31779205799102783
upper,2025-11-16,0,6071,0.08436383306980133,-0.3817782700061798,-0.44145217537879944,0.4769708216190338,0.18069078028202057
upper,2025-11-16,10,5984,0.06575479358434677,-0.37534385919570923,-0.4339768588542938,0.44325608015060425,0.19200317561626434
upper,2025-11-16,20,5903,0.04942602664232254,-0.3810080289840698,-0.40890032052993774,0.4006061851978302,0.20625504851341248
upper,2025-11-16,30,5857,0.03889235854148865,-0.39069440960884094,-0.3985510468482971,0.38480648398399353,0.21528643369674683
upper,2025-11-16,40,5670,0.03693655878305435,-0.3949941396713257,-0.39301827549934387,0.3763616383075714,0.2189781218767166
upper,2025-11-16,50,5504,0.0388217568397522,-0.3935853838920593,-0.3870430886745453,0.3688541352748871,0.22022850811481476
upper,2025-11-16,60,5375,0.040081996470689774,-0.3927980959415436,-0.38505008816719055,0.3666200637817383,0.21955661475658417
upper,2025-11-16,70,5206,0.04189097136259079,-0.3907412588596344,-0.3815509080886841,0.36195293068885803,0.21918055415153503
upper,2025-11-16,80,5098,0.04464896395802498,-0.38788554072380066,-0.37982410192489624,0.3595893085002899,0.21853359043598175
upper,2025-11-16,90,4967,0.044875308871269226,-0.3878326714038849,-0.3782615065574646,0.3580402731895447,0.21880532801151276
upper,2025-11-16,100,4909,0.04553257301449776,-0.3863535225391388,-0.37797731161117554,0.3577762842178345,0.21836616098880768
upper,2025-11-16,110,4856,0.0447809174656868,-0.38599908351898193,-0.3778549134731293,0.357511430978775,0.21850256621837616
upper,2025-11-16,120,4771,0.044371992349624634,-0.3854832351207733,-0.3779967427253723,0.35797199606895447,0.2190788835287094
upper,2025-11-16,130,4723,0.043321866542100906,-0.38569968938827515,-0.3797317147254944,0.35956981778144836,0.2190430909395218
upper,2025-11-16,140,4664,0.042912375181913376,-0.3859547972679138,-0.37992385029792786,0.35957226157188416,0.21985067427158356
upper,2025-11-16,150,4655,0.04491950944066048,-0.38534852862358093,-0.38149502873420715,0.3623659908771515,0.21915243566036224
upper,2025-11-16,160,4582,0.046455103904008865,-0.38549691438674927,-0.38240107893943787,0.36506888270378113,0.21856597065925598
upper,2025-11-16,170,4531,0.047769945114851,-0.38505637645721436,-0.38137027621269226,0.36296355724334717,0.21867524087429047
upper,2025-11-16,180,4497,0.04700051620602608,-0.3845456540584564,-0.3811214864253998,0.3632463812828064,0.21832910180091858
upper,2025-11-16,190,4389,0.0466885082423687,-0.38523775339126587,-0.38087040185928345,0.36180299520492554,0.21891002357006073
lower,2018-05-02,0,2966,0.14655880630016327,-0.46121546626091003,-0.44165220856666565,0.4304635524749756,0.2661074697971344
lower,2018-05-02,10,2951,0.1344422847032547,-0.42953822016716003,-0.3938210904598236,0.3548617959022522,0.2810247242450714
lower,2018-05-02,20,2965,0.11581998318433762,-0.4082222580909729,-0.3520396649837494,0.28792575001716614,0.3030049204826355
lower,2018-05-02,30,2888,0.09008318930864334,-0.4109342396259308,-0.3353165090084076,0.2605729401111603,0.3231768310070038
lower,2018-05-02,40,2884,0.06961868703365326,-0.41721710562705994,-0.3318210244178772,0.25091129541397095,0.3365180790424347
lower,2018-05-02,50,2801,0.0554300881922245,-0.422035276889801,-0.33108049631118774,0.24733732640743256,0.3447379469871521
lower,2018-05-02,60,2759,0.04912465065717697,-0.4237038493156433,-0.33012405037879944,0.24579592049121857,0.34844890236854553
lower,2018-05-02,70,2742,0.04469064995646477,-0.4248218834400177,-0.32921460270881653,0.24478520452976227,0.3508462905883789
lower,2018-05-02,80,2695,0.041441410779953,-0.42453745007514954,-0.3281416594982147,0.24240362644195557,0.3523261547088623
lower,2018-05-02,90,2680,0.039397403597831726,-0.4241977035999298,-0.3257271349430084,0.2388058304786682,0.35378125309944153
lower,2018-05-02,100,2640,0.038070179522037506,-0.42599645256996155,-0.32671013474464417,0.23886242508888245,0.3542885184288025
lower,2018-05-02,110,2620,0.03700343891978264,-0.42577821016311646,-0.32393530011177063,0.23520177602767944,0.35486045479774475
lower,2018-05-02,120,2630,0.0361710861325264,-0.4258469343185425,-0.32421624660491943,0.23632021248340607,0.35501694679260254
lower,2018-05-02,130,2579,0.03642471134662628,-0.4239167869091034,-0.3215995728969574,0.23473533987998962,0.35484305024147034
lower,2018-05-02,140,2578,0.03680010139942169,-0.4221208393573761,-0.3180517554283142,0.2301325649023056,0.3554045557975769
lower,2018-05-02,150,2535,0.0369880385696888,-0.42189761996269226,-0.3168928921222687,0.22823551297187805,0.3562619984149933
lower,2018-05-02,160,2546,0.035789526998996735,-0.42189711332321167,-0.3155626356601715,0.22594696283340454,0.35714229941368103
lower,2018-05-02,170,2529,0.035863034427165985,-0.4219023287296295,-0.31471487879753113,0.22456809878349304,0.3579029142856598
lower,2018-05-02,180,2502,0.0372178740799427,-0.42005300521850586,-0.31277018785476685,0.2229684293270111,0.3582133650779724
lower,2018-05-02,190,2495,0.037483371794223785,-0.42036035656929016,-0.3120729923248291,0.22210510075092316,0.3593393862247467
lower,2018-10-19,0,2798,0.17839930951595306,-0.3238343894481659,-0.3596195876598358,0.41557636857032776,0.17039921879768372
lower,2018-10-19,10,2783,0.13294264674186707,-0.3257475793361664,-0.39956170320510864,0.4466373026371002,0.1830156445503235
lower,2018-10-19,20,2819,0.09459824860095978,-0.33613070845603943,-0.43387171626091003,0.4705457091331482,0.19930124282836914
lower,2018-10-19,30,2774,0.07058673352003098,-0.35267195105552673,-0.42875775694847107,0.4567326307296753,0.21362867951393127
lower,2018-10-19,40,2794,0.05660376325249672,-0.365307480096817,-0.4257162809371948,0.45072710514068604,0.22168563306331635
lower,2018-10-19,50,2743,0.05216992646455765,-0.37044575810432434,-0.4250844419002533,0.4476844072341919,0.22533836960792542
lower,2018-10-19,60,2724,0.04924030229449272,-0.37197718024253845,-0.4234697222709656,0.4439629018306732,0.2271914929151535
lower,2018-10-19,70,2709,0.04367513209581375,-0.3763154149055481,-0.4289458990097046,0.44916653633117676,0.2285946160554886
lower,2018-10-19,80,2663,0.04028701037168503,-0.3804399073123932,-0.43249616026878357,0.45149120688438416,0.23039302229881287
lower,2018-10-19,90,2650,0.034354161471128464,-0.3839647173881531,-0.4360036849975586,0.45396992564201355,0.23139335215091705
lower,2018-10-19,100,2614,0.03254207968711853,-0.3853473365306854,-0.4341256618499756,0.44944921135902405,0.2333780825138092
lower,2018-10-19,110,2598,0.034760355949401855,-0.38507577776908875,-0.4317896068096161,0.44657620787620544,0.23399722576141357
lower,2018-10-19,120,2614,0.03560727834701538,-0.3849174976348877,-0.42880013585090637,0.44349172711372375,0.23448063433170319
lower,2018-10-19,130,2566,0.03660561516880989,-0.38382869958877563,-0.4259072542190552,0.43996167182922363,0.2351243644952774
lower,2018-10-19,140,2568,0.036250196397304535,-0.3844876289367676,-0.4260563850402832,0.4400944709777832,0.23464451730251312
lower,2018-10-19,150,2525,0.03829461708664894,-0.38357266783714294,-0.4226813316345215,0.4353804588317871,0.235460102558136
lower,2018-10-19,160,2535,0.03703606501221657,-0.3832393288612366,-0.4215608537197113,0.432887464761734,0.23599198460578918
lower,2018-10-19,170,2521,0.0360049232840538,-0.38296952843666077,-0.41831883788108826,0.4283638596534729,0.23677195608615875
lower,2018-10-19,180,2494,0.038510311394929886,-0.38140594959259033,-0.41647014021873474,0.4261031150817871,0.23621217906475067
lower,2018-10-19,190,2485,0.03852539509534836,-0.38212108612060547,-0.4169315695762634,0.4271259903907776,0.2365759015083313
lower,2020-05-16,0,2953,0.198787659406662,-0.47767263650894165,-0.4940362572669983,0.5277897119522095,0.24826830625534058
lower,2020-05-16,10,2934,0.14963524043560028,-0.40985727310180664,-0.43279942870140076,0.43439722061157227,0.2732308506965637
lower,2020-05-16,20,2950,0.1082570031285286,-0.3814181685447693,-0.3735511302947998,0.34811729192733765,0.30585992336273193
lower,2020-05-16,30,2881,0.07665465772151947,-0.3860456347465515,-0.348306268453598,0.31243452429771423,0.33144497871398926
lower,2020-05-16,40,2880,0.05795709416270256,-0.3937004804611206,-0.3445306420326233,0.3058837652206421,0.34524503350257874
lower,2020-05-16,50,2798,0.045825764536857605,-0.3961692154407501,-0.3407139182090759,0.2994331121444702,0.353033185005188
lower,2020-05-16,60,2754,0.03973739221692085,-0.3959408700466156,-0.3338134288787842,0.29036593437194824,0.35731935501098633
lower,2020-05-16,70,2738,0.03580566495656967,-0.39549583196640015,-0.33055680990219116,0.28629937767982483,0.35963279008865356
lower,2020-05-16,80,2693,0.03218374028801918,-0.3959841728210449,-0.32859012484550476,0.2823290526866913,0.3618764579296112
lower,2020-05-16,90,2678,0.031098656356334686,-0.3932735323905945,-0.3232908844947815,0.27598899602890015,0.36415958404541016
lower,2020-05-16,100,2635,0.03039511665701866,-0.3923901319503784,-0.3198055922985077,0.26995083689689636,0.3661886155605316
lower,2020-05-16,110,2617,0.03117479383945465,-0.39119184017181396,-0.3147355020046234,0.26284801959991455,0.36745527386665344
lower,2020-05-16,120,2630,0.0294748954474926,-0.39329788088798523,-0.3141299784183502,0.2624950110912323,0.36824047565460205
lower,2020-05-16,130,2579,0.03073173016309738,-0.39357200264930725,-0.31406837701797485,0.2617088556289673,0.3681451380252838
lower,2020-05-16,140,2578,0.03067169338464737,-0.3921152353286743,-0.31056132912635803,0.2575685381889343,0.368633896112442
lower,2020-05-16,150,2535,0.033241383731365204,-0.3914523422718048,-0.31095483899116516,0.2580479085445404,0.36813458800315857
lower,2020-05-16,160,2546,0.03476058691740036,-0.39151304960250854,-0.31077417731285095,0.25895774364471436,0.3676137924194336
lower,2020-05-16,170,2526,0.03376207873225212,-0.3920280933380127,-0.31163981556892395,0.2600660026073456,0.3679776191711426
lower,2020-05-16,180,2498,0.03654961287975311,-0.3892890512943268,-0.3104154169559479,0.2594214975833893,0.3669102191925049
lower,2020-05-16,190,2491,0.035877831280231476,-0.38788703083992004,-0.30954650044441223,0.25875961780548096,0.3670502305030823
lower,2020-10-18,0,2966,0.21668612957000732,-0.27639633417129517,-0.36538392305374146,0.4268881678581238,0.1833476722240448
lower,2020-10-18,10,2949,0.16491355001926422,-0.27893349528312683,-0.382705956697464,0.4269404113292694,0.19830317795276642
lower,2020-10-18,20,2963,0.12346525490283966,-0.2964324653148651,-0.37859585881233215,0.4068685472011566,0.21788442134857178
lower,2020-10-18,30,2888,0.09997052699327469,-0.3191121220588684,-0.36813879013061523,0.38922491669654846,0.23374846577644348
lower,2020-10-18,40,2884,0.08481080085039139,-0.3337154686450958,-0.36806756258010864,0.3865029215812683,0.24267975986003876
lower,2020-10-18,50,2801,0.07690313458442688,-0.34007886052131653,-0.3717931807041168,0.3894707262516022,0.2456265687942505
lower,2020-10-18,60,2759,0.07067585736513138,-0.3442777395248413,-0.37174132466316223,0.38820913434028625,0.24804896116256714
lower,2020-10-18,70,2740,0.06500847637653351,-0.34607431292533875,-0.3741181194782257,0.3917866349220276,0.24855969846248627
lower,2020-10-18,80,2693,0.061522744596004486,-0.348623663187027,-0.3732416033744812,0.388615220785141,0.2504674196243286
lower,2020-10-18,90,2680,0.05810793861746788,-0.3490501642227173,-0.37206438183784485,0.38750866055488586,0.2508856952190399
lower,2020-10-18,100,2640,0.05655980482697487,-0.3514130115509033,-0.37080833315849304,0.3851599395275116,0.25312933325767517
lower,2020-10-18,110,2620,0.055967334657907486,-0.3522665500640869,-0.37002506852149963,0.38403838872909546,0.2538839280605316
lower,2020-10-18,120,2630,0.05406999588012695,-0.355400949716568,-0.367390900850296,0.3789021074771881,0.2571847140789032
lower,2020-10-18,130,2577,0.05579876899719238,-0.3553418815135956,-0.3623993396759033,0.37120503187179565,0.2591536343097687
lower,2020-10-18,140,2576,0.056093066930770874,-0.3563763499259949,-0.3598690330982208,0.3673815429210663,0.2606637477874756
lower,2020-10-18,150,2535,0.05743926018476486,-0.3575460612773895,-0.3571326732635498,0.3642113506793976,0.26222166419029236
lower,2020-10-18,160,2546,0.057321660220623016,-0.35860374569892883,-0.35628369450569153,0.3632235527038574,0.2621840238571167
lower,2020-10-18,170,2529,0.056833986192941666,-0.358551025390625,-0.3555300533771515,0.3610084354877472,0.26264289021492004
lower,2020-10-18,180,2499,0.05712161585688591,-0.3572581112384796,-0.35540318489074707,0.3623162508010864,0.26181769371032715
lower,2020-10-18,190,2486,0.05488566681742668,-0.3565722107887268,-0.35570988059043884,0.36270713806152344,0.2619270384311676
lower,2022-05-06,0,2966,0.21199464797973633,-0.41779571771621704,-0.39500898122787476,0.3984019458293915,0.2553776502609253
lower,2022-05-06,10,2951,0.16420197486877441,-0.3943254053592682,-0.37324243783950806,0.3481389582157135,0.27743983268737793
lower,2022-05-06,20,2965,0.11424212902784348,-0.3866986632347107,-0.34123143553733826,0.29096347093582153,0.3068440556526184
lower,2022-05-06,30,2888,0.08044537901878357,-0.39557358622550964,-0.3232305347919464,0.26086699962615967,0.330288827419281
lower,2022-05-06,40,2884,0.06050540506839752,-0.40087273716926575,-0.321561336517334,0.25461769104003906,0.3433045744895935
lower,2022-05-06,50,2801,0.04654470086097717,-0.40282922983169556,-0.31965911388397217,0.2504005432128906,0.35005131363868713
lower,2022-05-06,60,2759,0.041706331074237823,-0.40320053696632385,-0.31656888127326965,0.24626287817955017,0.352806955575943
lower,2022-05-06,70,2742,0.03982868790626526,-0.40390947461128235,-0.3141091763973236,0.2423948049545288,0.35455960035324097
lower,2022-05-06,80,2695,0.04072307050228119,-0.4034132659435272,-0.3122190535068512,0.24003389477729797,0.35492026805877686
lower,2022-05-06,90,2680,0.03986562415957451,-0.4027923047542572,-0.31044572591781616,0.23790068924427032,0.3554675281047821
lower,2022-05-06,100,2640,0.04030030965805054,-0.40135645866394043,-0.3077877163887024,0.2342662513256073,0.355854332447052
lower,2022-05-06,110,2620,0.04121854901313782,-0.4002341330051422,-0.3070093095302582,0.23392166197299957,0.3555818796157837
lower,2022-05-06,120,2630,0.03919674828648567,-0.39961346983909607,-0.30562442541122437,0.23240306973457336,0.35738617181777954
lower,2022-05-06,130,2579,0.0394253134727478,-0.39959606528282166,-0.3049711287021637,0.23240292072296143,0.3567694425582886
lower,2022-05-06,140,2578,0.03718559071421623,-0.40077900886535645,-0.3057871162891388,0.23344786465168,0.3572830855846405
lower,2022-05-06,150,2535,0.038050271570682526,-0.4015720784664154,-0.30625244975090027,0.23409132659435272,0.3566315770149231
lower,2022-05-06,160,2546,0.038764163851737976,-0.4010278284549713,-0.30618730187416077,0.23383457958698273,0.35645726323127747
lower,2022-05-06,170,2529,0.03821486607193947,-0.4010782837867737,-0.305275022983551,0.23195092380046844,0.3567698001861572
lower,2022-05-06,180,2502,0.03953676298260689,-0.40234243869781494,-0.3093299865722656,0.23833248019218445,0.35500308871269226
lower,2022-05-06,190,2495,0.04048756882548332,-0.4021529257297516,-0.30889904499053955,0.23808857798576355,0.35468927025794983
lower,2022-10-23,0,2965,0.2257058322429657,-0.18848256766796112,-0.27380773425102234,0.33821049332618713,0.12567132711410522
lower,2022-10-23,10,2949,0.20956683158874512,-0.20807470381259918,-0.3473612070083618,0.40258002281188965,0.14645646512508392
lower,2022-10-23,20,2964,0.15246546268463135,-0.25563639402389526,-0.3754097819328308,0.4162706732749939,0.1745617389678955
lower,2022-10-23,30,2888,0.10355228185653687,-0.2994198501110077,-0.3797803521156311,0.41051435470581055,0.1987590789794922
lower,2022-10-23,40,2884,0.07727796584367752,-0.3272980749607086,-0.3878893256187439,0.4132064878940582,0.2127031534910202
lower,2022-10-23,50,2801,0.06174502521753311,-0.34377971291542053,-0.3950726091861725,0.4179970920085907,0.22085200250148773
lower,2022-10-23,60,2759,0.05285677686333656,-0.3532089591026306,-0.3991157114505768,0.4195638597011566,0.226339191198349
lower,2022-10-23,70,2742,0.04625022038817406,-0.35914260149002075,-0.4020818769931793,0.42178311944007874,0.22944453358650208
lower,2022-10-23,80,2695,0.042244140058755875,-0.36309608817100525,-0.4032546281814575,0.4217236340045929,0.23158098757266998
lower,2022-10-23,90,2680,0.03699171543121338,-0.36717942357063293,-0.4047774076461792,0.4236794114112854,0.23231174051761627
lower,2022-10-23,100,2640,0.03647897392511368,-0.36567527055740356,-0.4050443768501282,0.4246043264865875,0.23083274066448212
lower,2022-10-23,110,2620,0.03685355558991432,-0.3648707866668701,-0.4035585820674896,0.42288854718208313,0.2307559698820114
lower,2022-10-23,120,2630,0.039198119193315506,-0.36297550797462463,-0.4018201529979706,0.42086613178253174,0.23049427568912506
lower,2022-10-23,130,2579,0.04019038751721382,-0.3613850772380829,-0.3991227447986603,0.41668206453323364,0.2300260066986084
lower,2022-10-23,140,2578,0.039728857576847076,-0.3621091842651367,-0.40000736713409424,0.41714635491371155,0.2302253693342209
lower,2022-10-23,150,2535,0.04549439623951912,-0.3576703369617462,-0.3986096680164337,0.416314035654068,0.22845087945461273
lower,2022-10-23,160,2546,0.04438592866063118,-0.3569040596485138,-0.3990102708339691,0.4175414443016052,0.22776198387145996
lower,2022-10-23,170,2529,0.04923218861222267,-0.35258203744888306,-0.39519038796424866,0.41316819190979004,0.2261095494031906
lower,2022-10-23,180,2502,0.05164305493235588,-0.3509860932826996,-0.3937174677848816,0.4118119478225708,0.22542668879032135
lower,2022-10-23,190,2495,0.052714791148900986,-0.3515680432319641,-0.39319908618927,0.411075621843338,0.22608619928359985
lower,2024-05-20,0,2966,0.16411423683166504,-0.525547206401825,-0.5012368559837341,0.47977638244628906,0.2814081907272339
lower,2024-05-20,10,2951,0.14255836606025696,-0.4638400077819824,-0.4307946264743805,0.37994253635406494,0.2974102199077606
lower,2024-05-20,20,2965,0.12183812260627747,-0.4267522990703583,-0.37350597977638245,0.29956385493278503,0.3194294273853302
lower,2024-05-20,30,2888,0.09810148924589157,-0.4243350028991699,-0.3544594347476959,0.27441519498825073,0.337864488363266
lower,2024-05-20,40,2884,0.07855994254350662,-0.4243481457233429,-0.3509081304073334,0.2696209251880646,0.34884461760520935
lower,2024-05-20,50,2801,0.06825093924999237,-0.4246121346950531,-0.34681299328804016,0.26521530747413635,0.35354530811309814
lower,2024-05-20,60,2759,0.06410856544971466,-0.42436790466308594,-0.3401431441307068,0.2554164528846741,0.3573392331600189
lower,2024-05-20,70,2742,0.06098553538322449,-0.42510947585105896,-0.33987197279930115,0.25621145963668823,0.35826078057289124
lower,2024-05-20,80,2695,0.05642051249742508,-0.4250951111316681,-0.33970731496810913,0.25431710481643677,0.3603833019733429
lower,2024-05-20,90,2680,0.05338948220014572,-0.4246581196784973,-0.3391305208206177,0.25426584482192993,0.3613077998161316
lower,2024-05-20,100,2640,0.05273372679948807,-0.4228487014770508,-0.3347494304180145,0.2474583089351654,0.3622903823852539
lower,2024-05-20,110,2620,0.0515885092318058,-0.42132368683815,-0.33146148920059204,0.24281787872314453,0.3629215359687805
lower,2024-05-20,120,2630,0.0488847978413105,-0.4191805422306061,-0.32817307114601135,0.23872818052768707,0.3645515441894531
lower,2024-05-20,130,2579,0.050773024559020996,-0.41779741644859314,-0.32565802335739136,0.23598170280456543,0.36435845494270325
lower,2024-05-20,140,2578,0.05208135023713112,-0.4160478115081787,-0.3234576880931854,0.2336796075105667,0.36362335085868835
lower,2024-05-20,150,2535,0.0553814060986042,-0.41571056842803955,-0.32250887155532837,0.2336709201335907,0.36245787143707275
lower,2024-05-20,160,2546,0.05700619891285896,-0.4161859154701233,-0.3237588405609131,0.23616062104701996,0.3612375557422638
lower,2024-05-20,170,2529,0.05742192268371582,-0.41460832953453064,-0.3237133026123047,0.23747746646404266,0.3609711229801178
lower,2024-05-20,180,2502,0.05537690222263336,-0.4132799208164215,-0.32245689630508423,0.236849844455719,0.3614916503429413
lower,2024-05-20,190,2495,0.05619316175580025,-0.41163069009780884,-0.3215373456478119,0.23481802642345428,0.3617323637008667
lower,2024-10-22,0,2966,0.18552923202514648,-0.48464441299438477,-0.4159819483757019,0.446518212556839,0.18168944120407104
lower,2024-10-22,10,2951,0.1446864902973175,-0.4460209310054779,-0.4705309569835663,0.4896189272403717,0.2032523900270462
lower,2024-10-22,20,2965,0.11036691069602966,-0.4560432434082031,-0.473523885011673,0.472804456949234,0.23157645761966705
lower,2024-10-22,30,2888,0.0835842490196228,-0.4763922393321991,-0.46417558193206787,0.45242488384246826,0.25261402130126953
lower,2024-10-22,40,2884,0.06680060923099518,-0.4892334043979645,-0.4703526496887207,0.4505594074726105,0.26497989892959595
lower,2024-10-22,50,2801,0.05735895782709122,-0.4947246015071869,-0.47813838720321655,0.45499086380004883,0.2697778344154358
lower,2024-10-22,60,2759,0.04821905121207237,-0.5023982524871826,-0.48510968685150146,0.46084219217300415,0.27284014225006104
lower,2024-10-22,70,2742,0.04081699997186661,-0.5076192617416382,-0.49037355184555054,0.4669370949268341,0.2743805944919586
lower,2024-10-22,80,2695,0.036409713327884674,-0.5103254914283752,-0.49358153343200684,0.46869874000549316,0.2764963209629059
lower,2024-10-22,90,2680,0.03416178748011589,-0.5118111968040466,-0.49497488141059875,0.46893811225891113,0.2780338227748871
lower,2024-10-22,100,2640,0.033665332943201065,-0.5103269219398499,-0.49019110202789307,0.46185940504074097,0.28104451298713684
lower,2024-10-22,110,2620,0.032992951571941376,-0.5124172568321228,-0.48857682943344116,0.45821893215179443,0.2820951044559479
lower,2024-10-22,120,2630,0.030714157968759537,-0.5115999579429626,-0.483675479888916,0.45035767555236816,0.2856072187423706
lower,2024-10-22,130,2579,0.03136617690324783,-0.5094612836837769,-0.47734442353248596,0.44168609380722046,0.2869706451892853
lower,2024-10-22,140,2578,0.029776964336633682,-0.510438859462738,-0.4775189459323883,0.4404359459877014,0.2873687446117401
lower,2024-10-22,150,2535,0.03257126733660698,-0.5080406069755554,-0.4708521068096161,0.4321683943271637,0.2878760099411011
lower,2024-10-22,160,2546,0.030695559456944466,-0.5074095726013184,-0.4710638225078583,0.4322275221347809,0.2877638041973114
lower,2024-10-22,170,2529,0.02810618281364441,-0.5084791779518127,-0.47116899490356445,0.43224406242370605,0.28796011209487915
lower,2024-10-22,180,2502,0.027046337723731995,-0.5095605850219727,-0.4714319705963135,0.43297022581100464,0.2874961793422699
lower,2024-10-22,190,2495,0.02639763429760933,-0.5096244215965271,-0.4723902940750122,0.43500131368637085,0.28721553087234497
lower,2025-02-24,0,2966,0.2966003119945526,-0.4221328794956207,-0.5747914910316467,0.63496994972229,0.14337876439094543
lower,2025-02-24,10,2951,0.22746257483959198,-0.39478251338005066,-0.6096827387809753,0.6631191968917847,0.15140363574028015
lower,2025-02-24,20,2965,0.16129566729068756,-0.41436585783958435,-0.6402400732040405,0.6934530735015869,0.16013042628765106
lower,2025-02-24,30,2888,0.11896375566720963,-0.43248268961906433,-0.6556267142295837,0.7124404907226562,0.1649807095527649
lower,2025-02-24,40,2884,0.10051891207695007,-0.4384838342666626,-0.6695017218589783,0.7287030220031738,0.1668088436126709
lower,2025-02-24,50,2801,0.09365083277225494,-0.4377129077911377,-0.6731259226799011,0.7321276068687439,0.16729885339736938
lower,2025-02-24,60,2759,0.0861610472202301,-0.43979203701019287,-0.673581600189209,0.731730043888092,0.168943852186203
lower,2025-02-24,70,2742,0.07986759394407272,-0.44153496623039246,-0.6745685338973999,0.7321377992630005,0.17045113444328308
lower,2025-02-24,80,2695,0.07643784582614899,-0.4413622319698334,-0.6756105422973633,0.732305645942688,0.17049919068813324
lower,2025-02-24,90,2680,0.07174991816282272,-0.4447425901889801,-0.6764857172966003,0.7317569851875305,0.17153410613536835
lower,2025-02-24,100,2640,0.06978483498096466,-0.4488840699195862,-0.6821668744087219,0.7383972406387329,0.1707601100206375
lower,2025-02-24,110,2620,0.06802017241716385,-0.4489419460296631,-0.6836166977882385,0.7404290437698364,0.1708659678697586
lower,2025-02-24,120,2630,0.06389010697603226,-0.44917353987693787,-0.6835899949073792,0.7399148344993591,0.17206931114196777
lower,2025-02-24,130,2579,0.06660723686218262,-0.446302592754364,-0.6802423596382141,0.7353324294090271,0.17244122922420502
lower,2025-02-24,140,2578,0.06492512673139572,-0.44710567593574524,-0.6757593750953674,0.727918267250061,0.17439189553260803
lower,2025-02-24,150,2535,0.06619546562433243,-0.44846248626708984,-0.6778004765510559,0.731640636920929,0.17352095246315002
lower,2025-02-24,160,2546,0.06439593434333801,-0.44743362069129944,-0.6728478074073792,0.725303053855896,0.1754194051027298
lower,2025-02-24,170,2529,0.06407258659601212,-0.4447876811027527,-0.6704095005989075,0.722568690776825,0.1751018464565277
lower,2025-02-24,180,2502,0.06592100858688354,-0.4408438205718994,-0.6659157276153564,0.7192503213882446,0.1752932369709015
lower,2025-02-24,190,2495,0.06633968651294708,-0.441676527261734,-0.6665207147598267,0.7201111912727356,0.17519374191761017
lower,2025-11-16,0,2966,0.23620793223381042,-0.33110934495925903,-0.3302958905696869,0.353215754032135,0.17239470779895782
lower,2025-11-16,10,2951,0.1726207584142685,-0.3037317097187042,-0.35432714223861694,0.3541654944419861,0.1915908306837082
lower,2025-11-16,20,2965,0.12245970964431763,-0.31480124592781067,-0.3311699330806732,0.31005969643592834,0.21630927920341492
lower,2025-11-16,30,2888,0.09127981960773468,-0.33714234828948975,-0.3094668686389923,0.27960464358329773,0.2346268743276596
lower,2025-11-16,40,2884,0.07541689276695251,-0.3492516577243805,-0.30521488189697266,0.27265721559524536,0.24358642101287842
lower,2025-11-16,50,2801,0.06495068967342377,-0.35297614336013794,-0.30521488189697266,0.2706642150878906,0.24806752800941467
lower,2025-11-16,60,2759,0.05667596682906151,-0.3591412901878357,-0.30900025367736816,0.27387166023254395,0.24988889694213867
lower,2025-11-16,70,2742,0.051084186881780624,-0.3619851768016815,-0.30817943811416626,0.27218103408813477,0.2516278624534607
lower,2025-11-16,80,2695,0.04663917049765587,-0.3639725148677826,-0.30925896763801575,0.2722949683666229,0.25301888585090637
lower,2025-11-16,90,2680,0.04354822635650635,-0.36487603187561035,-0.3079862594604492,0.26998764276504517,0.2539856433868408
lower,2025-11-16,100,2640,0.04255850985646248,-0.364251971244812,-0.30527356266975403,0.2660271227359772,0.2557031810283661
lower,2025-11-16,110,2620,0.04368279501795769,-0.3636900782585144,-0.301947683095932,0.26155972480773926,0.2563720643520355
lower,2025-11-16,120,2630,0.04175829887390137,-0.36392107605934143,-0.29639461636543274,0.2549663484096527,0.25790008902549744
lower,2025-11-16,130,2579,0.04168785363435745,-0.36346539855003357,-0.29319897294044495,0.249970480799675,0.25883749127388
lower,2025-11-16,140,2578,0.0415591336786747,-0.3645170331001282,-0.29211190342903137,0.24856024980545044,0.25941169261932373
lower,2025-11-16,150,2535,0.043912969529628754,-0.3631756007671356,-0.2885400652885437,0.2451850324869156,0.25980517268180847
lower,2025-11-16,160,2546,0.04520320147275925,-0.3626871705055237,-0.2877996861934662,0.24389337003231049,0.26007458567619324
lower,2025-11-16,170,2529,0.04548468440771103,-0.36270636320114136,-0.28693926334381104,0.24263542890548706,0.26050177216529846
lower,2025-11-16,180,2502,0.04684196412563324,-0.36181148886680603,-0.28587770462036133,0.241914302110672,0.26019200682640076
lower,2025-11-16,190,2495,0.04883618652820587,-0.36038777232170105,-0.28231456875801086,0.23780250549316406,0.26054462790489197
