reach,date,seg_km,weq_m
urban,2018-05-02,0,6.113436987332389
urban,2018-05-02,1,-1.836144349077045
urban,2018-05-02,2,-2.6510800506075562
urban,2018-05-02,3,0.9400138671762595
urban,2018-05-02,4,-1.4741789217842087
urban,2018-05-02,5,-3.457959020541982
urban,2018-05-02,6,1.8370538968130181
urban,2018-05-02,7,5.332143116445743
urban,2018-05-02,8,1.5234566189939398
urban,2018-10-19,0,10.787120250777827
urban,2018-10-19,1,8.402369513725063
urban,2018-10-19,2,9.175359438946229
urban,2018-10-19,3,8.173202593069234
urban,2018-10-19,4,12.232025122450503
urban,2018-10-19,5,7.264645092560967
urban,2018-10-19,6,11.095455709123895
urban,2018-10-19,7,16.910799681043372
urban,2018-10-19,8,17.955270624301505
urban,2020-05-21,0,6.488532559587188
urban,2020-05-21,1,2.6783467654951734
urban,2020-05-21,2,3.7713376683837687
urban,2020-05-21,3,1.5154022726916034
urban,2020-05-21,4,0.10436569115982675
urban,2020-05-21,5,-1.170278159882828
urban,2020-05-21,6,5.303600721422666
urban,2020-05-21,7,3.492128191676677
urban,2020-05-21,8,6.851596426847364
urban,2020-10-18,0,7.267374992128754
urban,2020-10-18,1,4.665583649416519
urban,2020-10-18,2,5.976422066410717
urban,2020-10-18,3,4.982940570112597
urban,2020-10-18,4,8.050691001171396
urban,2020-10-18,5,-3.1071855940153807
urban,2020-10-18,6,8.667196525924973
urban,2020-10-18,7,7.788798501385685
urban,2020-10-18,8,11.410769360683958
urban,2022-05-06,0,4.086081940758882
urban,2022-05-06,1,-1.095126165839695
urban,2022-05-06,2,-0.004482463762172878
urban,2022-05-06,3,4.472025695411535
urban,2022-05-06,4,7.573495022429511
urban,2022-05-06,5,4.707454982412947
urban,2022-05-06,6,5.699283605997958
urban,2022-05-06,7,9.699736872585255
urban,2022-05-06,8,13.485314549384421
urban,2022-10-23,0,10.655774259826343
urban,2022-10-23,1,17.459038690532775
urban,2022-10-23,2,15.09471369672275
urban,2022-10-23,3,14.884683553143947
urban,2022-10-23,4,34.06290654026835
urban,2022-10-23,5,13.796812733032484
urban,2022-10-23,6,25.1336103502272
urban,2022-10-23,7,30.95783291592327
urban,2022-10-23,8,29.042355553121695
urban,2024-05-20,0,2.6280980622764876
urban,2024-05-20,1,-2.918743283204173
urban,2024-05-20,2,-2.0935576606115753
urban,2024-05-20,3,4.377670530429556
urban,2024-05-20,4,-0.5554262609929658
urban,2024-05-20,5,4.097625212146918
urban,2024-05-20,6,4.724969611679571
urban,2024-05-20,7,3.907262484766346
urban,2024-05-20,8,1.6611373314308664
urban,2024-06-09,0,5.404186737924532
urban,2024-06-09,1,-3.0861489793917953
urban,2024-06-09,2,-1.2511332568834053
urban,2024-06-09,3,5.274802480505385
urban,2024-06-09,4,-0.048003359768087395
urban,2024-06-09,5,5.420631038679671
urban,2024-06-09,6,6.782971913371756
urban,2024-06-09,7,5.725721580062082
urban,2024-06-09,8,5.414533143772232
urban,2024-10-22,0,10.531222940830302
urban,2024-10-22,1,5.151249856688228
urban,2024-10-22,2,7.820372282856952
urban,2024-10-22,3,6.952880646428116
urban,2024-10-22,4,10.362634272529865
urban,2024-10-22,5,7.147158875678036
urban,2024-10-22,6,6.84642587643768
urban,2024-10-22,7,12.625915459601197
urban,2024-10-22,8,15.736615065225703
urban,2025-05-15,0,5.321194382114025
urban,2025-05-15,1,3.5839652012280787
urban,2025-05-15,2,2.9939938534930235
urban,2025-05-15,3,6.280233730958319
urban,2025-05-15,4,5.989985693539435
urban,2025-05-15,5,3.982059955567891
urban,2025-05-15,6,6.51768118876794
urban,2025-05-15,7,8.413871189262677
urban,2025-05-15,8,7.892727945481506
upper,2018-05-07,0,0.11077274835962245
upper,2018-05-07,1,0.33686915528261063
upper,2018-05-07,2,3.7166633551169066
upper,2018-05-07,3,4.122320983286173
upper,2018-05-07,4,3.194352492915534
upper,2018-05-07,5,1.710801779056648
upper,2018-05-07,6,1.4763852609894341
upper,2018-05-07,7,0.31967123115341173
upper,2018-10-19,0,5.058692803476512
upper,2018-10-19,1,6.884115833489135
upper,2018-10-19,2,5.426453810421335
upper,2018-10-19,3,4.48863562816412
upper,2018-10-19,4,1.9405037409905717
upper,2018-10-19,5,5.806049280588887
upper,2018-10-19,6,4.681180126315603
upper,2018-10-19,7,5.71037858194504
upper,2020-05-21,0,0.102303528852381
upper,2020-05-21,1,0.3641949723573764
upper,2020-05-21,2,4.385263207402164
upper,2020-05-21,3,5.155219934537459
upper,2020-05-21,4,1.3889175206316198
upper,2020-05-21,5,1.6808245563746018
upper,2020-05-21,6,2.381844800165932
upper,2020-05-21,7,6.553692548706529
upper,2020-10-18,0,1.4028876300201847
upper,2020-10-18,1,2.3931477356737894
upper,2020-10-18,2,2.292175568449265
upper,2020-10-18,3,1.2952059814756394
upper,2020-10-18,4,0.7975978199691971
upper,2020-10-18,5,3.1344011623993975
upper,2020-10-18,6,2.580320240629298
upper,2020-10-18,7,2.3309068848071783
upper,2022-05-06,0,3.878158924907515
upper,2022-05-06,1,0.038201784455216034
upper,2022-05-06,2,4.2325680078994425
upper,2022-05-06,3,1.195589670177794
upper,2022-05-06,4,1.7762497146334104
upper,2022-05-06,5,-0.13266533537138775
upper,2022-05-06,6,1.617134266796068
upper,2022-05-06,7,1.2908855129899148
upper,2022-10-28,0,11.710357021863778
upper,2022-10-28,1,11.979024805679648
upper,2022-10-28,2,3.681920166286686
upper,2022-10-28,3,2.4710148684121847
upper,2022-10-28,4,0.5948760120819209
upper,2022-10-28,5,1.6785930438351317
upper,2022-10-28,6,1.4609701390960046
upper,2022-10-28,7,1.6347105723184587
upper,2022-11-27,0,3.5561698873630085
upper,2022-11-27,1,1.285323558788224
upper,2022-11-27,2,5.336519005796762
upper,2022-11-27,3,3.0614831401859575
upper,2022-11-27,4,1.1019531967633618
upper,2022-11-27,5,2.682774519161792
upper,2022-11-27,6,2.055029069655704
upper,2022-11-27,7,3.519673837372908
upper,2024-04-20,0,1.6009328581100342
upper,2024-04-20,1,0.5160843870986945
upper,2024-04-20,2,0.8400130636506062
upper,2024-04-20,3,-0.6632186718276611
upper,2024-04-20,4,-0.6187413773593089
upper,2024-04-20,5,-0.22520052391698608
upper,2024-04-20,6,-1.5176166042167747
upper,2024-04-20,7,-2.6902828971879647
upper,2024-05-20,0,3.2796004466556887
upper,2024-05-20,1,0.19343798417316738
upper,2024-05-20,2,-0.03422129913739855
upper,2024-05-20,3,0.7651747949082537
upper,2024-05-20,4,-0.23508705746319428
upper,2024-05-20,5,0.9026702529783299
upper,2024-05-20,6,-0.9395302585010518
upper,2024-05-20,7,-1.3591112557148457
upper,2024-10-22,0,3.023911351139367
upper,2024-10-22,1,3.8886095073898153
upper,2024-10-22,2,6.247883017604801
upper,2024-10-22,3,5.090496491812338
upper,2024-10-22,4,1.6522367672640699
upper,2024-10-22,5,3.505626035374951
upper,2024-10-22,6,3.6870312479011016
upper,2024-10-22,7,3.3002013360980746
upper,2025-05-15,0,0.5906577282596144
upper,2025-05-15,1,-0.16322979147217684
upper,2025-05-15,2,2.664283275857954
upper,2025-05-15,3,2.4330700258712423
upper,2025-05-15,4,1.9899640092729645
upper,2025-05-15,5,1.394553682151436
upper,2025-05-15,6,3.8113405646700316
upper,2025-05-15,7,6.2525365889079625
upper,2025-11-16,0,0.66140107173108
upper,2025-11-16,1,0.6548056034001976
upper,2025-11-16,2,2.4078531096346927
upper,2025-11-16,3,0.22495204727691626
upper,2025-11-16,4,0.7289334132828037
upper,2025-11-16,5,1.272008890085455
upper,2025-11-16,6,2.4660665433267535
upper,2025-11-16,7,1.1431835457404602
lower,2018-05-02,0,4.232314522963483
lower,2018-05-02,1,4.826629979383839
lower,2018-05-02,2,6.065906995916354
lower,2018-05-02,3,3.7426271965721183
lower,2018-05-02,4,1.6375822804259106
lower,2018-05-02,5,3.035851401782442
lower,2018-05-02,6,1.4046380991089047
lower,2018-05-02,7,39.93086921739597
lower,2018-05-02,8,14.22137863190648
lower,2018-10-19,0,3.822036251553048
lower,2018-10-19,1,2.200155076708744
lower,2018-10-19,2,7.520932474119631
lower,2018-10-19,3,4.816391203387047
lower,2018-10-19,4,4.940736768301684
lower,2018-10-19,5,6.971485891748357
lower,2018-10-19,6,10.140106565901645
lower,2018-10-19,7,46.28075051429315
lower,2018-10-19,8,22.465144663386983
lower,2020-05-16,0,4.736432653770724
lower,2020-05-16,1,8.069087475224434
lower,2020-05-16,2,8.343585990416168
lower,2020-05-16,3,5.069425149688921
lower,2020-05-16,4,2.8248971477838594
lower,2020-05-16,5,3.7847130092376076
lower,2020-05-16,6,6.202539529621889
lower,2020-05-16,7,38.60500444207322
lower,2020-05-16,8,16.758784312312518
lower,2020-10-18,0,1.3879940462055667
lower,2020-10-18,1,-0.28415231331064156
lower,2020-10-18,2,7.354784512496642
lower,2020-10-18,3,1.9672922408819784
lower,2020-10-18,4,2.7883835192004756
lower,2020-10-18,5,5.199333568190108
lower,2020-10-18,6,7.029390332913759
lower,2020-10-18,7,51.48387272981255
lower,2020-10-18,8,20.188084567861434
lower,2022-05-06,0,4.5182925348654654
lower,2022-05-06,1,6.447428159598698
lower,2022-05-06,2,7.346841535765653
lower,2022-05-06,3,3.924970081714188
lower,2022-05-06,4,-1.0985147084430305
lower,2022-05-06,5,3.9043605717819396
lower,2022-05-06,6,4.896814310247041
lower,2022-05-06,7,50.09739400134538
lower,2022-05-06,8,15.192357899753894
lower,2022-10-23,0,13.738857762542395
lower,2022-10-23,1,5.811855937139877
lower,2022-10-23,2,6.699056302130134
lower,2022-10-23,3,4.242837133003351
lower,2022-10-23,4,2.323093869808459
lower,2022-10-23,5,8.11739712002192
lower,2022-10-23,6,7.3143646755638745
lower,2022-10-23,7,43.43412605551211
lower,2022-10-23,8,17.43139460269337
lower,2024-05-20,0,2.455707024168214
lower,2024-05-20,1,0.9938786087831635
lower,2024-05-20,2,4.562458556877412
lower,2024-05-20,3,0.8671790830705568
lower,2024-05-20,4,1.9438171277794933
lower,2024-05-20,5,3.1137805299539516
lower,2024-05-20,6,0.2603994410662436
lower,2024-05-20,7,49.23132019443514
lower,2024-05-20,8,15.200836175984197
lower,2024-10-22,0,2.1637352519011737
lower,2024-10-22,1,2.391566099357102
lower,2024-10-22,2,5.781428490677655
lower,2024-10-22,3,3.5072373353485937
lower,2024-10-22,4,2.3802081826801107
lower,2024-10-22,5,5.899028043007021
lower,2024-10-22,6,5.8452080918073825
lower,2024-10-22,7,51.84566466624551
lower,2024-10-22,8,16.52519505203176
lower,2025-02-24,0,4.653778268827881
lower,2025-02-24,1,7.0656272172016115
lower,2025-02-24,2,10.667578943788302
lower,2025-02-24,3,7.989307725420664
lower,2025-02-24,4,8.903615707864486
lower,2025-02-24,5,8.078176664653414
lower,2025-02-24,6,4.7788306745081615
lower,2025-02-24,7,46.760006655168254
lower,2025-02-24,8,17.010759719941266
lower,2025-11-16,0,2.2493418970824925
lower,2025-11-16,1,3.1080866160128915
lower,2025-11-16,2,8.924575736734472
lower,2025-11-16,3,5.114353603538728
lower,2025-11-16,4,1.6816244676071188
lower,2025-11-16,5,7.0354783131671095
lower,2025-11-16,6,7.344625526389399
lower,2025-11-16,7,50.72125273769611
lower,2025-11-16,8,19.965058738784837
