reach,date,true_f,mean,p05,p50,p95
urban,2018-05-02,0.0,0.06347294896841049,0.0,0.0022849715314805508,0.25273504853248596
urban,2018-05-02,0.05,0.08993101119995117,0.0,0.05247858166694641,0.29216092824935913
urban,2018-05-02,0.1,0.12570227682590485,0.0,0.10216371715068817,0.3303839862346649
urban,2018-05-02,0.2,0.21583256125450134,0.05540318042039871,0.20176449418067932,0.4003334641456604
urban,2018-05-02,0.3,0.3133913576602936,0.17347873747348785,0.30208128690719604,0.47564026713371277
urban,2018-05-02,0.5,0.5112178325653076,0.40994560718536377,0.5070866942405701,0.6255748271942139
urban,2018-10-19,0.0,0.036623988300561905,0.0,0.0,0.21110831201076508
urban,2018-10-19,0.05,0.05513868108391762,0.0,0.0,0.2507252097129822
urban,2018-10-19,0.1,0.08060814440250397,0.0,0.04099387675523758,0.29183343052864075
urban,2018-10-19,0.2,0.15449310839176178,0.0,0.15080112218856812,0.3693779706954956
urban,2018-10-19,0.3,0.2520006000995636,0.05048790201544762,0.2550254166126251,0.4440295100212097
urban,2018-10-19,0.5,0.4655648469924927,0.31794390082359314,0.4681133031845093,0.6056801676750183
urban,2020-05-21,0.0,0.06898240745067596,0.0,0.010638531297445297,0.2788359224796295
urban,2020-05-21,0.05,0.09531260281801224,0.0,0.05986697971820831,0.3141629993915558
urban,2020-05-21,0.1,0.12776094675064087,0.0,0.10892370343208313,0.3496258556842804
urban,2020-05-21,0.2,0.20798549056053162,0.0,0.2074924111366272,0.41912588477134705
urban,2020-05-21,0.3,0.30267274379730225,0.10256238281726837,0.30478012561798096,0.49085745215415955
urban,2020-05-21,0.5,0.5007333159446716,0.3532854914665222,0.5032287836074829,0.636422872543335
urban,2020-10-18,0.0,0.05504906550049782,0.0,0.0,0.27013513445854187
urban,2020-10-18,0.05,0.07560697942972183,0.0,0.007428862154483795,0.3117654323577881
urban,2020-10-18,0.1,0.10184831917285919,0.0,0.060436177998781204,0.346991628408432
urban,2020-10-18,0.2,0.17503759264945984,0.0,0.16501584649085999,0.4202873706817627
urban,2020-10-18,0.3,0.2690674364566803,0.033456724137067795,0.2734689712524414,0.4947768747806549
urban,2020-10-18,0.5,0.4781647026538849,0.31429871916770935,0.48416733741760254,0.6360225677490234
urban,2022-05-06,0.0,0.05875232815742493,0.0,0.0,0.26451289653778076
urban,2022-05-06,0.05,0.08279438316822052,0.0,0.041204340755939484,0.30053621530532837
urban,2022-05-06,0.1,0.11422203481197357,0.0,0.09173686802387238,0.3387712836265564
urban,2022-05-06,0.2,0.19821976125240326,0.0038843348156660795,0.19312258064746857,0.412921667098999
urban,2022-05-06,0.3,0.2979274392127991,0.12838639318943024,0.2940188944339752,0.4864959120750427
urban,2022-05-06,0.5,0.5008233189582825,0.37838292121887207,0.49838563799858093,0.6312008500099182
urban,2022-10-23,0.0,0.038160473108291626,0.0,0.0,0.20720826089382172
urban,2022-10-23,0.05,0.05466850847005844,0.0,0.0,0.24836285412311554
urban,2022-10-23,0.1,0.0777977705001831,0.0,0.024193648248910904,0.2861384153366089
urban,2022-10-23,0.2,0.14939084649085999,0.0,0.13030952215194702,0.36134442687034607
urban,2022-10-23,0.3,0.24861791729927063,0.05420627444982529,0.24271613359451294,0.4398188889026642
urban,2022-10-23,0.5,0.4623541533946991,0.306292325258255,0.46265220642089844,0.6035104393959045
urban,2024-05-20,0.0,0.0702020600438118,0.0,0.007740980014204979,0.28563573956489563
urban,2024-05-20,0.05,0.0973963588476181,0.0,0.05715532973408699,0.31954339146614075
urban,2024-05-20,0.1,0.13287432491779327,0.0,0.10699475556612015,0.3545435667037964
urban,2024-05-20,0.2,0.22152262926101685,0.04247764125466347,0.20817112922668457,0.42502981424331665
urban,2024-05-20,0.3,0.31811070442199707,0.1615518480539322,0.30848246812820435,0.4949517548084259
urban,2024-05-20,0.5,0.5127623081207275,0.40016481280326843,0.5054775476455688,0.634145200252533
urban,2024-06-09,0.0,0.08336056768894196,0.0,0.027250900864601135,0.31526878476142883
urban,2024-06-09,0.05,0.11174754053354263,0.0,0.07573305070400238,0.34961867332458496
urban,2024-06-09,0.1,0.14779892563819885,0.0,0.12451207637786865,0.38320392370224
urban,2024-06-09,0.2,0.23558396100997925,0.05731944739818573,0.22109685838222504,0.44896209239959717
urban,2024-06-09,0.3,0.3298673629760742,0.1739731878042221,0.3175894021987915,0.5185933709144592
urban,2024-06-09,0.5,0.5202141404151917,0.40950602293014526,0.5119760036468506,0.6551617980003357
urban,2024-10-22,0.0,0.040741827338933945,0.0,0.0,0.19686976075172424
urban,2024-10-22,0.05,0.061281561851501465,0.0,0.00313117285259068,0.23744840919971466
urban,2024-10-22,0.1,0.08846663683652878,0.0,0.05666651949286461,0.2771442234516144
urban,2024-10-22,0.2,0.16451358795166016,0.0,0.1637873351573944,0.3568187952041626
urban,2024-10-22,0.3,0.2630971372127533,0.05405274033546448,0.2719355523586273,0.43896540999412537
urban,2024-10-22,0.5,0.479617178440094,0.3302854895591736,0.48613855242729187,0.6055238842964172
urban,2025-05-15,0.0,0.06321455538272858,0.0,0.0,0.26581186056137085
urban,2025-05-15,0.05,0.08697047829627991,0.0,0.03852611780166626,0.30244457721710205
urban,2025-05-15,0.1,0.11872779577970505,0.0,0.09024509787559509,0.33983901143074036
urban,2025-05-15,0.2,0.20267334580421448,0.007665436714887619,0.1900486946105957,0.41168737411499023
urban,2025-05-15,0.3,0.3015269637107849,0.13282640278339386,0.2932496964931488,0.48466259241104126
urban,2025-05-15,0.5,0.5054011344909668,0.3858223259449005,0.5040856599807739,0.6246940493583679
upper,2018-05-07,0.0,0.04689943790435791,0.0,0.011176679283380508,0.19403883814811707
upper,2018-05-07,0.05,0.0770556703209877,0.0,0.059970661997795105,0.23422802984714508
upper,2018-05-07,0.1,0.11799813061952591,0.0,0.10821262001991272,0.2758425772190094
upper,2018-05-07,0.2,0.2136455476284027,0.09475817531347275,0.20595744252204895,0.3585919141769409
upper,2018-05-07,0.3,0.312324583530426,0.20692674815654755,0.3069482445716858,0.4410456717014313
upper,2018-05-07,0.5,0.5123411417007446,0.4314994513988495,0.5072743892669678,0.6121538877487183
upper,2018-10-19,0.0,0.04731784015893936,0.0,0.0,0.2053215503692627
upper,2018-10-19,0.05,0.07226753979921341,0.0,0.0387272983789444,0.24477232992649078
upper,2018-10-19,0.1,0.10532023012638092,0.0,0.08868297189474106,0.284423291683197
upper,2018-10-19,0.2,0.1897408813238144,0.0,0.1925228387117386,0.3641614019870758
upper,2018-10-19,0.3,0.28906959295272827,0.11214226484298706,0.294730007648468,0.4437277317047119
upper,2018-10-19,0.5,0.4959556460380554,0.3614386320114136,0.49974849820137024,0.6113184690475464
upper,2020-05-21,0.0,0.05644425004720688,0.0,0.0,0.25710639357566833
upper,2020-05-21,0.05,0.08106451481580734,0.0,0.04188007861375809,0.29707610607147217
upper,2020-05-21,0.1,0.11397284269332886,0.0,0.09198617935180664,0.334676057100296
upper,2020-05-21,0.2,0.2001633495092392,0.019248975440859795,0.19228367507457733,0.4067963659763336
upper,2020-05-21,0.3,0.29881733655929565,0.143201544880867,0.29376447200775146,0.47944650053977966
upper,2020-05-21,0.5,0.4986497461795807,0.3866053521633148,0.4945777654647827,0.6312234997749329
upper,2020-10-18,0.0,0.04787616804242134,0.0,0.0,0.2121724784374237
upper,2020-10-18,0.05,0.0725642591714859,0.0,0.037636883556842804,0.25277161598205566
upper,2020-10-18,0.1,0.10537457466125488,0.0,0.08773133158683777,0.2893867790699005
upper,2020-10-18,0.2,0.18884456157684326,0.0,0.18891239166259766,0.36809563636779785
upper,2020-10-18,0.3,0.28704243898391724,0.10286445915699005,0.2914745807647705,0.4462607800960541
upper,2020-10-18,0.5,0.49230140447616577,0.3595038056373596,0.49615734815597534,0.6052277684211731
upper,2022-05-06,0.0,0.04732370004057884,0.0,0.0,0.2363937348127365
upper,2022-05-06,0.05,0.07119642943143845,0.0,0.030442528426647186,0.2766931354999542
upper,2022-05-06,0.1,0.10447695106267929,0.0,0.08229566365480423,0.3143059313297272
upper,2022-05-06,0.2,0.19210876524448395,0.01850166730582714,0.18580591678619385,0.38920944929122925
upper,2022-05-06,0.3,0.29251956939697266,0.14237426221370697,0.28851619362831116,0.46494296193122864
upper,2022-05-06,0.5,0.496247798204422,0.39095163345336914,0.49303293228149414,0.6211510896682739
upper,2022-10-28,0.0,0.034456610679626465,0.0,0.0,0.18025341629981995
upper,2022-10-28,0.05,0.05473899468779564,0.0,0.007910672575235367,0.22334493696689606
upper,2022-10-28,0.1,0.08506932854652405,0.0,0.05998555198311806,0.26487672328948975
upper,2022-10-28,0.2,0.17235156893730164,0.005646850448101759,0.16744603216648102,0.35008004307746887
upper,2022-10-28,0.3,0.27236390113830566,0.10484962165355682,0.27060437202453613,0.4339599311351776
upper,2022-10-28,0.5,0.466754674911499,0.30723291635513306,0.4747391939163208,0.592844545841217
upper,2022-11-27,0.0,0.06378413736820221,0.0,0.02792108990252018,0.23246249556541443
upper,2022-11-27,0.05,0.09272740036249161,0.0,0.07654666155576706,0.2707066833972931
upper,2022-11-27,0.1,0.1285889744758606,0.0,0.12595225870609283,0.30965763330459595
upper,2022-11-27,0.2,0.21566888689994812,0.013299264013767242,0.22411635518074036,0.38679537177085876
upper,2022-11-27,0.3,0.3125669062137604,0.13850441575050354,0.32164913415908813,0.46700385212898254
upper,2022-11-27,0.5,0.5104578733444214,0.38289523124694824,0.5160733461380005,0.62483149766922
upper,2024-04-20,0.0,0.037844572216272354,0.0,0.0,0.18272314965724945
upper,2024-04-20,0.05,0.06191259250044823,0.0,0.02928159385919571,0.2261192947626114
upper,2024-04-20,0.1,0.09797855466604233,0.0,0.0796361118555069,0.2671564817428589
upper,2024-04-20,0.2,0.19232875108718872,0.06984870880842209,0.17975497245788574,0.3504941463470459
upper,2024-04-20,0.3,0.29263731837272644,0.18432237207889557,0.28175872564315796,0.43503043055534363
upper,2024-04-20,0.5,0.49577099084854126,0.41358739137649536,0.48811420798301697,0.6095885634422302
upper,2024-05-20,0.0,0.04264165088534355,0.0,0.0,0.20826849341392517
upper,2024-05-20,0.05,0.0687299370765686,0.0,0.03837293013930321,0.2487679272890091
upper,2024-05-20,0.1,0.10621441900730133,0.0,0.09071838855743408,0.2893010973930359
upper,2024-05-20,0.2,0.2008683681488037,0.07416559755802155,0.1921364963054657,0.36731842160224915
upper,2024-05-20,0.3,0.3010605573654175,0.19134140014648438,0.294377863407135,0.4486693739891052
upper,2024-05-20,0.5,0.5030831098556519,0.41888347268104553,0.4988992214202881,0.6129641532897949
upper,2024-10-22,0.0,0.03704378753900528,0.0,0.0,0.1804388463497162
upper,2024-10-22,0.05,0.05927525833249092,0.0,0.018368205055594444,0.2254902422428131
upper,2024-10-22,0.1,0.09008350968360901,0.0,0.07027466595172882,0.2675062417984009
upper,2024-10-22,0.2,0.17293989658355713,0.0,0.17516425251960754,0.3487161099910736
upper,2024-10-22,0.3,0.27598148584365845,0.09841469675302505,0.28127309679985046,0.432187020778656
upper,2024-10-22,0.5,0.4898359477519989,0.3616187870502472,0.49358659982681274,0.6063201427459717
upper,2025-05-15,0.0,0.03525872156023979,0.0,0.0,0.18425582349300385
upper,2025-05-15,0.05,0.05937204137444496,0.0,0.029688585549592972,0.224509596824646
upper,2025-05-15,0.1,0.09456993639469147,0.0,0.08091086149215698,0.26618248224258423
upper,2025-05-15,0.2,0.18915612995624542,0.06408397853374481,0.18235847353935242,0.34790146350860596
upper,2025-05-15,0.3,0.2917803227901459,0.1783246248960495,0.28591465950012207,0.4296662211418152
upper,2025-05-15,0.5,0.4991630017757416,0.4116668105125427,0.49672001600265503,0.5991957187652588
upper,2025-11-16,0.0,0.04627394676208496,0.0,0.0,0.18999487161636353
upper,2025-11-16,0.05,0.0733470544219017,0.0,0.04848278686404228,0.22845357656478882
upper,2025-11-16,0.1,0.10922812670469284,0.0,0.09964069724082947,0.2693217694759369
upper,2025-11-16,0.2,0.19863618910312653,0.029073035344481468,0.2007472813129425,0.3477920889854431
upper,2025-11-16,0.3,0.29820001125335693,0.14943289756774902,0.2994661331176758,0.4288540780544281
upper,2025-11-16,0.5,0.4978483021259308,0.3876793086528778,0.5005548000335693,0.5959172248840332
lower,2018-05-02,0.0,0.038189396262168884,0.0,0.0,0.14813923835754395
lower,2018-05-02,0.05,0.06661603599786758,0.0,0.049152445048093796,0.19128957390785217
lower,2018-05-02,0.1,0.10631965845823288,0.0,0.09824349731206894,0.23451495170593262
lower,2018-05-02,0.2,0.20308049023151398,0.09207093715667725,0.19832921028137207,0.3209001421928406
lower,2018-05-02,0.3,0.30354321002960205,0.20526665449142456,0.29796916246414185,0.40535545349121094
lower,2018-05-02,0.5,0.5055392980575562,0.42674720287323,0.5003432035446167,0.5851618647575378
lower,2018-10-19,0.0,0.043797992169857025,0.0,0.0,0.2209102362394333
lower,2018-10-19,0.05,0.06006161496043205,0.0,0.0,0.26276880502700806
lower,2018-10-19,0.1,0.08432236313819885,0.0,0.03464685380458832,0.30222088098526
lower,2018-10-19,0.2,0.15385037660598755,0.0,0.14261668920516968,0.37665829062461853
lower,2018-10-19,0.3,0.24854862689971924,0.021878359839320183,0.2509796619415283,0.44997039437294006
lower,2018-10-19,0.5,0.4642372131347656,0.29432782530784607,0.46767035126686096,0.6077084541320801
lower,2020-05-16,0.0,0.038999952375888824,0.0,0.0,0.15673382580280304
lower,2020-05-16,0.05,0.0657305121421814,0.0,0.041643641889095306,0.19889499247074127
lower,2020-05-16,0.1,0.10346219688653946,0.0,0.09206116199493408,0.24053283035755157
lower,2020-05-16,0.2,0.19931820034980774,0.0827585905790329,0.1924544870853424,0.3300641179084778
lower,2020-05-16,0.3,0.2997102439403534,0.19692574441432953,0.293489933013916,0.4151057302951813
lower,2020-05-16,0.5,0.501421332359314,0.41992586851119995,0.4954858422279358,0.5936594009399414
lower,2020-10-18,0.0,0.06190473958849907,0.0,0.013832936063408852,0.20423497259616852
lower,2020-10-18,0.05,0.08864261955022812,0.0,0.06405508518218994,0.24449802935123444
lower,2020-10-18,0.1,0.12163107097148895,0.0,0.1130937933921814,0.2841969430446625
lower,2020-10-18,0.2,0.20551680028438568,0.0,0.2121230959892273,0.36365342140197754
lower,2020-10-18,0.3,0.30352094769477844,0.12328238785266876,0.3112559914588928,0.44284728169441223
lower,2020-10-18,0.5,0.5049861669540405,0.37141120433807373,0.5103172659873962,0.608601987361908
lower,2022-05-06,0.0,0.04248713701963425,0.0,0.004805024713277817,0.15830613672733307
lower,2022-05-06,0.05,0.07225164026021957,0.0,0.05451076477766037,0.1987657994031906
lower,2022-05-06,0.1,0.11286823451519012,0.0,0.10370542109012604,0.24026083946228027
lower,2022-05-06,0.2,0.2086886167526245,0.09278808534145355,0.20294612646102905,0.3257027864456177
lower,2022-05-06,0.3,0.30751127004623413,0.20622065663337708,0.301815390586853,0.4118841290473938
lower,2022-05-06,0.5,0.5059072375297546,0.43117132782936096,0.5022921562194824,0.5819026827812195
lower,2022-10-23,0.0,0.04909531772136688,0.0,0.0,0.372275710105896
lower,2022-10-23,0.05,0.06322211027145386,0.0,0.0,0.40583786368370056
lower,2022-10-23,0.1,0.0855155661702156,0.0,0.022343549877405167,0.4369422495365143
lower,2022-10-23,0.2,0.1581021547317505,0.0,0.13329848647117615,0.5027551054954529
lower,2022-10-23,0.3,0.257453054189682,0.06162787228822708,0.24090826511383057,0.5701196193695068
lower,2022-10-23,0.5,0.45982062816619873,0.271197646856308,0.46097493171691895,0.6817921996116638
lower,2024-05-20,0.0,0.05250916630029678,0.0,0.0060090902261435986,0.22968576848506927
lower,2024-05-20,0.05,0.08216563612222672,0.0,0.05525499954819679,0.2708497941493988
lower,2024-05-20,0.1,0.12201298028230667,0.0,0.10476931929588318,0.3090333342552185
lower,2024-05-20,0.2,0.2166210114955902,0.08847713470458984,0.20566332340240479,0.3845846354961395
lower,2024-05-20,0.3,0.3144581615924835,0.20260080695152283,0.3042847812175751,0.46335652470588684
lower,2024-05-20,0.5,0.5109395980834961,0.4260386824607849,0.5013467073440552,0.626995861530304
lower,2024-10-22,0.0,0.03402208909392357,0.0,0.0,0.15535172820091248
lower,2024-10-22,0.05,0.05042584240436554,0.0,0.0,0.19783873856067657
lower,2024-10-22,0.1,0.07417349517345428,0.0,0.025694290176033974,0.24165987968444824
lower,2024-10-22,0.2,0.14364215731620789,0.0,0.13614735007286072,0.32933321595191956
lower,2024-10-22,0.3,0.23910050094127655,0.010789113119244576,0.24528564512729645,0.42400211095809937
lower,2024-10-22,0.5,0.45727571845054626,0.2756648063659668,0.46790093183517456,0.6022276878356934
lower,2025-02-24,0.0,0.06855606287717819,0.0,0.049380823969841,0.19278915226459503
lower,2025-02-24,0.05,0.1029716208577156,0.0,0.09649702906608582,0.23343375325202942
lower,2025-02-24,0.1,0.14387822151184082,0.0,0.14389583468437195,0.2739960551261902
lower,2025-02-24,0.2,0.23363634943962097,0.06490369886159897,0.23841474950313568,0.35376858711242676
lower,2025-02-24,0.3,0.32839295268058777,0.1797385811805725,0.33318424224853516,0.4337696433067322
lower,2025-02-24,0.5,0.5204474925994873,0.4144861698150635,0.5239318013191223,0.5992452502250671
lower,2025-11-16,0.0,0.04769623279571533,0.0,0.010569127276539803,0.18652959167957306
lower,2025-11-16,0.05,0.07769614458084106,0.0,0.0604659840464592,0.226914182305336
lower,2025-11-16,0.1,0.11593268066644669,0.0,0.10964080691337585,0.26749444007873535
lower,2025-11-16,0.2,0.2071525901556015,0.05158987641334534,0.20802515745162964,0.3531232476234436
lower,2025-11-16,0.3,0.30487680435180664,0.16602182388305664,0.30590352416038513,0.4315173625946045
lower,2025-11-16,0.5,0.5010973215103149,0.39571017026901245,0.5009969472885132,0.5943183898925781
