year,jan_mean_m3s,jan_volume_mcm,may_mean_m3s,may_volume_mcm,sep_mean_m3s,sep_volume_mcm,imd_jun_mm,imd_jul_mm,imd_aug_mm,imd_sep_mm,imd_oct_mm,imd_jun_oct_mm,imd_watershed_jun_oct_mm,era5_jun_mm,era5_jul_mm,era5_aug_mm,era5_sep_mm,era5_oct_mm,era5_jun_oct_mm,veg_permanent_pct,veg_permanent_km2,veg_green_in_may_pct,veg_green_both_abs_pct,veg_may_median_ndvi,veg_nov_median_ndvi,veg_worldcover_trees_pct,veg_worldcover_precision,veg_may_looks,veg_nov_looks,veg_may_seen_pct,veg_both_seen_pct,veg_may_dates,veg_nov_dates,veg_platforms
1901,,,,,,,51.44,340.87,559.84,315.04,13.66,1280.85,1058.04,,,,,,,,,,,,,,,,,,,,,
1902,,,,,,,113.51,511.64,260.61,279.51,43.58,1208.85,1169.21,,,,,,,,,,,,,,,,,,,,,
1903,,,,,,,77.85,149.87,587.52,263.58,189.66,1268.48,1111.04,,,,,,,,,,,,,,,,,,,,,
1904,,,,,,,150.3,375.88,322.26,187.31,1.71,1037.46,947.15,,,,,,,,,,,,,,,,,,,,,
1905,,,,,,,36.03,302.65,241.61,94.12,0.0,674.41,541.22,,,,,,,,,,,,,,,,,,,,,
1906,,,,,,,189.78,275.1,325.07,147.14,0.16,937.25,1061.18,,,,,,,,,,,,,,,,,,,,,
1907,,,,,,,57.28,380.69,308.06,0.85,0.0,746.88,669.11,,,,,,,,,,,,,,,,,,,,,
1908,,,,,,,171.37,410.56,324.19,68.85,0.0,974.97,875.79,,,,,,,,,,,,,,,,,,,,,
1909,,,,,,,313.49,564.92,418.89,178.17,0.67,1476.14,1018.42,,,,,,,,,,,,,,,,,,,,,
1910,,,,,,,241.76,342.47,415.75,305.52,193.97,1499.47,1127.2,,,,,,,,,,,,,,,,,,,,,
1911,,,,,,,91.6,153.47,360.58,317.62,20.79,944.06,984.15,,,,,,,,,,,,,,,,,,,,,
1912,,,,,,,35.23,232.73,312.4,346.01,0.0,926.37,786.74,,,,,,,,,,,,,,,,,,,,,
1913,,,,,,,211.29,190.63,102.53,36.56,1.96,542.97,428.55,,,,,,,,,,,,,,,,,,,,,
1914,,,,,,,57.06,424.2,381.14,351.81,4.43,1218.64,945.69,,,,,,,,,,,,,,,,,,,,,
1915,,,,,,,74.87,448.4,476.37,176.64,3.89,1180.17,1168.58,,,,,,,,,,,,,,,,,,,,,
1916,,,,,,,233.6,517.12,354.98,341.53,63.84,1511.07,1422.24,,,,,,,,,,,,,,,,,,,,,
1917,,,,,,,291.37,384.92,240.97,377.8,110.13,1405.19,1379.69,,,,,,,,,,,,,,,,,,,,,
1918,,,,,,,255.77,283.49,236.29,57.15,3.52,836.22,698.5,,,,,,,,,,,,,,,,,,,,,
1919,,,,,,,96.89,252.41,292.57,259.91,8.29,910.07,821.64,,,,,,,,,,,,,,,,,,,,,
1920,,,,,,,269.04,613.4,229.53,87.28,5.96,1205.21,1050.43,,,,,,,,,,,,,,,,,,,,,
1921,,,,,,,375.89,297.81,703.97,375.28,21.79,1774.74,1862.86,,,,,,,,,,,,,,,,,,,,,
1922,,,,,,,66.58,584.31,818.75,523.12,0.0,1992.76,1644.42,,,,,,,,,,,,,,,,,,,,,
1923,,,,,,,18.05,343.78,501.77,465.36,128.94,1457.9,1440.49,,,,,,,,,,,,,,,,,,,,,
1924,,,,,,,79.65,490.2,298.68,609.31,93.05,1570.89,1560.48,,,,,,,,,,,,,,,,,,,,,
1925,,,,,,,398.49,570.19,457.69,85.44,10.19,1522.0,1776.6,,,,,,,,,,,,,,,,,,,,,
1926,,,,,,,32.39,737.74,425.48,106.81,0.64,1303.06,1196.49,,,,,,,,,,,,,,,,,,,,,
1927,,,,,,,276.57,320.44,486.1,89.23,233.1,1405.44,1373.42,,,,,,,,,,,,,,,,,,,,,
1928,,,,,,,127.49,522.2,157.42,56.35,4.28,867.74,809.38,,,,,,,,,,,,,,,,,,,,,
1929,,,,,,,122.96,273.64,553.63,65.28,59.58,1075.09,880.53,,,,,,,,,,,,,,,,,,,,,
1930,,,,,,,71.34,394.91,339.76,43.88,30.24,880.13,774.72,,,,,,,,,,,,,,,,,,,,,
1931,,,,,,,37.6,346.45,330.13,599.29,37.64,1351.11,1278.73,,,,,,,,,,,,,,,,,,,,,
1932,,,,,,,39.02,248.92,228.24,375.58,0.84,892.6,650.43,,,,,,,,,,,,,,,,,,,,,
1933,,,,,,,201.93,385.43,459.95,229.76,90.89,1367.96,1094.61,,,,,,,,,,,,,,,,,,,,,
1934,,,,,,,231.57,340.27,393.58,163.43,4.66,1133.51,1033.37,,,,,,,,,,,,,,,,,,,,,
1935,,,,,,,25.0,390.35,226.54,238.72,0.0,880.61,654.99,,,,,,,,,,,,,,,,,,,,,
1936,,,,,,,584.78,586.76,494.03,383.74,1.75,2051.06,1940.27,,,,,,,,,,,,,,,,,,,,,
1937,,,,,,,94.24,322.73,319.44,83.24,6.19,825.84,614.9,,,,,,,,,,,,,,,,,,,,,
1938,,,,,,,266.2,351.69,419.04,109.93,11.44,1158.3,1034.59,,,,,,,,,,,,,,,,,,,,,
1939,,,,,,,143.79,355.51,141.13,253.4,7.88,901.71,836.04,,,,,,,,,,,,,,,,,,,,,
1940,0.408,1.094,0.091,0.244,0.285,0.738,80.69,495.93,219.45,54.55,0.0,850.62,780.61,158.0,265.3,271.7,68.1,3.4,766.5,,,,,,,,,,,,,,,
1941,0.104,0.277,0.025,0.068,0.802,2.078,149.59,76.44,330.13,58.31,13.89,628.36,506.63,128.6,254.1,193.1,122.4,35.6,733.8,,,,,,,,,,,,,,,
1942,0.305,0.816,0.007,0.019,14.562,37.746,171.58,388.4,410.99,120.41,0.0,1091.38,897.41,193.2,608.2,416.8,333.8,7.6,1559.6,,,,,,,,,,,,,,,
1943,0.63,1.688,0.097,0.26,21.87,56.687,162.95,156.36,502.05,147.8,0.0,969.16,1013.42,584.6,301.4,510.2,372.0,21.4,1789.6,,,,,,,,,,,,,,,
1944,0.645,1.729,0.098,0.263,4.225,10.95,173.82,391.83,131.86,84.69,20.92,803.12,665.15,42.7,510.2,430.8,113.8,33.0,1130.5,,,,,,,,,,,,,,,
1945,0.301,0.807,0.046,0.124,6.687,17.334,38.96,468.48,372.2,415.05,154.28,1448.97,1313.3,29.1,456.5,297.0,466.1,154.6,1403.3,,,,,,,,,,,,,,,
1946,0.575,1.54,0.077,0.206,1.514,3.924,185.11,679.17,176.6,77.02,50.24,1168.14,931.95,19.5,359.8,320.3,74.2,51.7,825.5,,,,,,,,,,,,,,,
1947,0.306,0.821,0.049,0.132,8.286,21.476,123.85,380.59,212.71,222.65,5.2,945.0,778.11,86.6,520.5,551.2,399.8,27.0,1585.1,,,,,,,,,,,,,,,
1948,0.607,1.626,0.08,0.214,9.851,25.535,6.2,271.12,614.61,248.6,52.36,1192.89,1198.91,48.5,358.1,695.9,246.0,54.2,1402.7,,,,,,,,,,,,,,,
1949,0.538,1.442,0.288,0.772,8.954,23.208,30.83,356.22,413.31,305.99,44.29,1150.64,1054.32,54.6,603.3,372.5,240.8,7.0,1278.2,,,,,,,,,,,,,,,
1950,0.675,1.807,0.122,0.327,5.257,13.625,208.7,378.83,407.58,104.02,0.0,1099.13,973.54,76.7,491.4,389.5,213.3,428.3,1599.2,,,,,,,,,,,,,,,
1951,5.545,14.85,0.616,1.651,1.427,3.7,24.81,126.72,356.18,184.89,13.03,705.63,661.88,56.7,207.7,336.8,191.9,185.3,978.4,,,,,,,,,,,,,,,
1952,0.891,2.386,0.524,1.403,6.534,16.936,164.4,221.78,300.44,26.78,3.08,716.48,614.68,262.4,298.1,580.5,26.9,38.4,1206.3,,,,,,,,,,,,,,,
1953,1.403,3.757,0.198,0.53,7.049,18.271,93.51,542.09,217.0,151.77,0.0,1004.37,887.65,291.5,790.2,344.9,224.9,30.9,1682.4,,,,,,,,,,,,,,,
1954,0.856,2.292,0.163,0.436,6.536,16.941,87.55,415.95,448.44,160.2,149.34,1261.48,1135.6,90.3,560.5,448.7,356.2,103.3,1559.0,,,,,,,,,,,,,,,
1955,0.678,1.815,0.093,0.248,8.753,22.689,182.75,453.04,355.6,234.5,223.23,1449.12,1218.51,124.3,270.6,548.6,417.0,271.7,1632.2,,,,,,,,,,,,,,,
1956,0.92,2.463,0.105,0.281,6.925,17.949,130.89,472.3,331.32,104.17,251.21,1289.89,1162.17,94.1,850.8,438.9,156.3,325.1,1865.2,,,,,,,,,,,,,,,
1957,0.979,2.623,0.118,0.316,29.503,76.471,82.89,384.12,280.9,349.66,19.5,1117.07,996.08,65.7,397.0,621.7,462.3,8.9,1555.6,,,,,,,,,,,,,,,
1958,0.637,1.706,0.112,0.3,14.833,38.447,165.57,357.42,517.79,298.65,227.41,1566.84,1520.88,69.5,741.1,941.8,567.3,226.5,2546.2,,,,,,,,,,,,,,,
1959,0.871,2.333,0.205,0.55,6.388,16.559,44.63,367.39,237.38,232.27,150.18,1031.85,970.59,22.1,551.2,523.2,241.7,533.6,1871.8,,,,,,,,,,,,,,,
1960,0.929,2.489,0.131,0.351,11.14,28.875,124.37,600.27,298.73,408.24,254.2,1685.81,1978.2,145.6,694.8,551.5,295.8,111.2,1798.9,,,,,,,,,,,,,,,
1961,1.093,2.926,0.294,0.786,13.069,33.874,186.24,419.68,621.73,136.07,223.75,1587.47,1818.54,164.3,417.4,526.4,260.3,293.5,1661.9,,,,,,,,,,,,,,,
1962,1.173,3.142,0.218,0.585,27.54,71.384,116.62,291.88,316.65,336.2,2.68,1064.03,822.39,76.9,636.2,411.7,614.7,0.0,1739.5,,,,,,,,,,,,,,,
1963,0.789,2.114,0.109,0.292,22.261,57.7,128.78,243.05,553.74,198.33,2.46,1126.36,1158.16,177.1,309.8,570.3,430.6,1.7,1489.5,,,,,,,,,,,,,,,
1964,0.449,1.203,0.088,0.235,41.765,108.255,92.36,511.58,228.78,446.44,1.11,1280.27,1083.14,55.1,933.6,390.2,506.5,3.8,1889.2,,,,,,,,,,,,,,,
1965,0.566,1.516,0.112,0.299,0.937,2.43,15.15,187.52,228.41,80.05,42.0,553.13,507.39,1.5,486.1,205.4,96.1,25.1,814.2,,,,,,,,,,,,,,,
1966,0.217,0.581,0.05,0.135,3.085,7.996,127.76,309.96,283.82,52.87,9.79,784.2,775.97,263.4,469.8,482.5,86.1,20.2,1322.0,,,,,,,,,,,,,,,
1967,0.373,0.998,0.103,0.276,14.586,37.806,174.04,351.39,454.58,190.6,5.81,1176.42,1171.37,287.0,393.0,742.6,252.2,48.3,1723.1,,,,,,,,,,,,,,,
1968,0.784,2.099,0.167,0.448,8.561,22.189,208.83,524.28,364.74,169.47,23.06,1290.38,987.89,193.6,396.3,324.1,274.0,14.8,1202.8,,,,,,,,,,,,,,,
1969,0.677,1.814,0.171,0.459,11.619,30.117,20.56,229.1,229.57,333.3,1.42,813.95,858.99,56.9,546.6,744.8,247.9,1.7,1597.9,,,,,,,,,,,,,,,
1970,1.046,2.802,0.195,0.524,3.585,9.292,182.65,160.77,304.12,92.22,20.19,759.95,895.03,311.9,256.9,388.6,196.4,49.5,1203.3,,,,,,,,,,,,,,,
1971,0.709,1.898,0.221,0.593,24.867,64.454,156.27,356.53,292.89,339.26,75.8,1220.75,1102.66,321.8,486.0,552.6,420.6,169.6,1950.6,,,,,,,,,,,,,,,
1972,0.754,2.018,0.175,0.468,11.399,29.545,41.38,150.91,159.03,232.37,14.9,598.59,483.3,84.5,247.8,457.4,365.3,20.6,1175.6,,,,,,,,,,,,,,,
1973,0.536,1.435,0.119,0.319,8.696,22.54,332.14,136.82,321.62,73.28,44.34,908.2,850.24,581.1,476.3,618.7,213.8,115.4,2005.3,,,,,,,,,,,,,,,
1974,0.958,2.567,0.149,0.399,2.046,5.304,69.69,257.29,214.64,44.82,16.86,603.3,584.87,68.6,508.3,506.8,19.7,34.1,1137.5,,,,,,,,,,,,,,,
1975,0.379,1.016,0.087,0.233,16.155,41.874,371.58,444.41,217.66,359.39,9.95,1402.99,1286.69,478.4,401.1,455.3,416.4,43.3,1794.5,,,,,,,,,,,,,,,
1976,0.643,1.722,0.137,0.368,9.956,25.806,100.91,284.17,235.02,73.66,5.39,699.15,649.25,270.7,459.8,692.3,304.2,0.8,1727.8,,,,,,,,,,,,,,,
1977,0.627,1.679,0.161,0.431,6.708,17.386,61.46,390.85,153.14,107.99,31.27,744.71,511.31,79.3,601.9,240.7,267.9,28.4,1218.2,,,,,,,,,,,,,,,
1978,0.659,1.764,0.15,0.403,6.017,15.596,374.47,372.29,473.06,188.58,3.76,1412.16,1373.84,329.7,360.9,682.4,178.6,1.2,1552.8,,,,,,,,,,,,,,,
1979,0.575,1.539,0.405,1.083,0.246,0.637,109.56,391.17,241.8,33.03,9.19,784.75,611.26,310.8,308.5,117.5,5.6,4.4,746.8,,,,,,,,,,,,,,,
1980,0.095,0.256,0.035,0.093,4.097,10.62,95.57,372.95,215.09,132.43,14.27,830.31,744.24,66.7,477.6,312.1,172.2,4.3,1032.9,,,,,,,,,,,,,,,
1981,0.6,1.607,0.178,0.478,3.129,8.11,138.96,381.13,192.66,104.55,4.46,821.76,606.25,131.1,390.4,132.5,93.6,0.0,747.6,,,,,,,,,,,,,,,
1982,0.477,1.279,0.231,0.619,6.131,15.891,90.89,256.64,398.51,41.84,8.55,796.43,749.02,73.5,515.4,287.6,156.6,3.3,1036.4,,,,,,,,,,,,,,,
1983,0.545,1.46,0.165,0.443,19.805,51.335,146.77,329.22,282.04,582.3,68.79,1409.12,1268.81,107.8,489.1,398.6,423.5,12.2,1431.2,,,,,,,,,,,,,,,
1984,0.728,1.95,0.142,0.379,3.865,10.018,339.13,480.62,192.3,55.99,1.07,1069.11,901.31,249.6,264.2,327.1,158.9,0.0,999.8,,,,,,,,,,,,,,,
1985,0.572,1.531,0.101,0.27,22.953,59.495,96.37,353.91,369.37,331.61,299.84,1451.1,986.94,73.7,427.3,378.8,470.3,220.2,1570.3,,,,,,,,,0.0,0.0,,,,,
1986,1.117,2.993,0.382,1.024,0.813,2.108,88.15,640.04,266.12,291.29,14.26,1299.86,985.88,227.2,381.6,230.3,156.1,16.1,1011.3,,,,,,,,,0.0,0.0,,,,,
1987,0.231,0.618,0.199,0.534,0.856,2.219,64.09,204.72,158.09,107.04,5.57,539.51,373.53,23.3,95.9,171.5,105.0,65.3,461.0,,,,,,,,,0.0,0.0,,,,,
1988,0.014,0.038,0.005,0.014,5.982,15.506,84.54,626.95,433.94,152.81,0.13,1298.37,940.88,70.5,747.2,547.9,195.5,0.0,1561.1,,,,,,,,,0.0,0.0,,,,,
1989,0.617,1.653,0.126,0.339,2.711,7.027,167.36,277.78,331.75,146.99,0.09,923.97,506.18,92.0,276.4,453.6,160.7,0.4,983.1,,,,,,,,,0.0,0.0,,,,,
1990,0.263,0.704,0.18,0.482,10.448,27.08,104.63,625.76,220.31,153.91,13.71,1118.32,774.68,148.3,624.5,410.6,337.3,3.1,1523.8,,,,,,,,,0.0,0.0,,,,,
1991,0.799,2.139,0.135,0.361,4.135,10.719,60.01,47.68,314.54,190.22,0.0,612.45,564.92,117.5,335.6,274.7,199.6,0.0,927.4,,,,,,,,,0.0,1.0,,,,1990-12-17,landsat-5
1992,0.525,1.405,0.147,0.394,2.874,7.45,436.35,206.08,228.46,199.06,66.92,1136.87,956.5,41.3,291.0,553.0,211.2,140.3,1236.8,,,0.21,,,,,,1.0,0.0,100.0,,1992-04-26,,landsat-5
1993,0.634,1.697,0.149,0.4,22.086,57.246,132.05,255.89,249.41,489.02,2.79,1129.16,596.86,125.2,310.3,340.4,650.5,0.0,1426.4,,,2.43,,,,,,2.0,0.0,100.0,,"1993-04-29, 1993-05-15",,landsat-5
1994,0.596,1.597,0.121,0.324,3.334,8.641,102.67,295.13,301.85,36.38,0.0,736.03,537.72,248.4,602.3,456.0,73.3,0.0,1380.0,5.81,25.8,1.4,0.36,0.201,0.238,,,2.0,1.0,100.0,100.0,"1994-05-02, 1994-05-18",1993-12-09,landsat-5
1995,0.666,1.784,0.121,0.325,6.897,17.877,116.12,267.69,433.42,118.61,0.0,935.84,473.45,104.0,384.9,504.0,223.4,0.7,1217.0,7.94,35.3,4.45,3.0,0.232,0.303,,,1.0,1.0,100.0,100.0,1995-05-05,1994-12-12,landsat-5
1996,0.533,1.428,0.138,0.37,19.215,49.804,151.27,315.83,293.22,225.01,20.19,1005.52,567.2,394.1,400.6,582.4,270.2,11.7,1659.0,9.45,42.0,6.55,4.37,0.236,0.299,,,1.0,1.0,100.0,99.3,1996-05-07,1995-12-15,landsat-5
1997,0.665,1.782,0.173,0.464,2.378,6.164,91.28,336.68,101.67,78.21,21.59,629.43,255.83,111.9,374.3,318.5,123.6,22.7,951.0,,,,,,,,,0.0,2.0,,,,"1996-11-15, 1996-12-01",landsat-5
1998,0.758,2.03,0.859,2.301,6.411,16.618,110.34,279.06,418.28,138.92,107.72,1054.32,577.9,228.2,545.5,543.3,180.8,106.3,1604.1,3.88,17.2,1.07,0.79,0.235,0.379,,,2.0,1.0,100.0,100.0,"1998-05-13, 1998-05-29",1997-11-02,landsat-5
1999,1.015,2.717,0.19,0.509,4.217,10.931,77.85,277.1,165.09,306.09,36.88,863.01,370.57,122.9,364.4,253.4,292.0,168.6,1201.3,7.12,31.6,1.53,0.8,0.211,0.298,,,1.0,2.0,100.0,100.0,1999-04-30,"1998-11-21, 1998-12-07",landsat-5
2000,0.595,1.593,0.164,0.44,4.813,12.476,292.48,226.04,476.6,211.08,0.0,1206.2,840.45,352.6,369.1,194.0,61.9,0.0,977.6,6.1,27.1,1.7,0.69,0.25,0.251,,,2.0,2.0,100.0,100.0,"2000-05-26, 2000-06-03","1999-11-24, 1999-12-02","landsat-5, landsat-7"
2001,0.776,2.078,0.217,0.581,1.12,2.904,260.96,276.44,206.03,31.57,3.19,778.19,560.18,250.8,384.7,191.1,22.4,15.0,864.0,7.43,33.0,3.44,1.57,0.219,0.263,,,1.0,1.0,100.0,100.0,2001-04-27,2000-12-04,landsat-7
2002,0.647,1.733,0.236,0.632,10.568,27.393,119.9,122.89,422.14,306.15,6.26,977.34,411.35,89.1,192.0,363.2,355.1,4.9,1004.3,,,6.68,,,,,,1.0,0.0,86.4,,2002-06-01,,landsat-7
2003,0.772,2.068,0.225,0.602,24.864,64.447,188.57,482.32,371.44,446.13,0.0,1488.46,742.44,120.0,790.4,339.0,541.4,0.0,1790.8,,,,,,,,,0.0,0.0,,,,,
2004,0.975,2.61,0.224,0.6,3.261,8.452,107.78,325.97,229.57,118.84,84.59,866.75,543.79,128.1,274.9,253.7,219.1,86.5,962.3,2.3,10.2,0.05,0.01,0.19,0.261,,,2.0,2.0,88.9,88.9,"2004-05-05, 2004-05-21","2003-11-11, 2003-11-27",landsat-7
2005,0.608,1.63,0.149,0.4,3.913,10.142,46.02,371.55,198.82,321.81,1.28,939.48,512.0,145.4,528.4,187.0,310.6,20.5,1191.9,6.59,29.3,1.53,0.85,0.216,0.27,,,2.0,2.0,99.8,95.8,"2005-05-08, 2005-05-24","2004-11-13, 2004-11-29",landsat-7
2006,0.779,2.087,0.192,0.513,3.4,8.814,88.15,262.76,151.5,85.12,12.37,599.9,342.97,268.6,327.4,189.3,140.2,1.4,926.9,7.55,33.6,2.44,1.41,0.23,0.309,,,1.0,2.0,88.0,88.0,2006-05-11,"2005-11-16, 2005-12-02",landsat-7
2007,0.312,0.836,0.144,0.386,3.039,7.878,194.8,363.06,324.53,150.07,3.21,1035.67,546.06,149.5,330.8,315.7,238.5,14.6,1049.1,8.36,37.2,13.63,8.36,0.287,0.324,,,2.0,2.0,100.0,95.4,"2007-05-14, 2007-05-30","2006-11-03, 2006-11-19",landsat-7
2008,0.533,1.427,0.183,0.489,8.925,23.134,243.99,506.48,383.14,227.59,27.2,1388.4,519.49,400.7,391.8,578.2,320.7,28.3,1719.7,5.35,23.8,2.29,0.93,0.231,0.28,,,2.0,2.0,100.0,99.6,"2008-05-08, 2008-05-24","2007-11-22, 2007-12-08","landsat-5, landsat-7"
2009,0.942,2.523,0.232,0.622,4.716,12.223,56.37,191.54,476.35,215.74,194.84,1134.84,815.5,21.6,271.6,373.7,211.0,212.4,1090.3,6.92,30.8,2.75,1.58,0.23,0.291,,,2.0,4.0,100.0,100.0,"2009-05-19, 2009-05-27","2008-11-16, 2008-11-24, 2008-12-02, 2008-12-10","landsat-5, landsat-7"
2010,0.516,1.382,0.158,0.422,28.504,73.882,40.14,572.67,369.27,457.65,1.19,1440.92,872.13,30.9,823.0,544.1,695.3,8.4,2101.7,8.43,37.5,2.79,2.14,0.226,0.302,,,2.0,3.0,100.0,100.0,"2010-04-20, 2010-05-22","2009-11-19, 2009-11-27, 2009-12-05","landsat-5, landsat-7"
2011,0.932,2.497,0.222,0.594,6.568,17.023,169.64,519.38,580.82,227.12,0.41,1497.37,1158.17,159.7,475.5,397.0,147.9,4.4,1184.5,4.78,21.2,1.86,1.22,0.245,0.315,,,2.0,2.0,100.0,100.0,"2011-05-01, 2011-05-17","2010-11-06, 2010-12-08",landsat-5
2012,0.729,1.953,0.152,0.407,4.963,12.863,22.41,262.04,352.36,223.55,0.13,860.49,807.97,1.8,366.6,541.4,105.9,0.9,1016.6,4.37,19.4,5.33,1.88,0.266,0.29,,,2.0,2.0,100.0,96.6,"2012-04-25, 2012-05-27","2011-11-17, 2011-12-03",landsat-7
2013,0.919,2.462,0.261,0.699,7.791,20.195,515.25,371.26,247.9,76.08,38.98,1249.47,794.38,411.2,606.2,429.3,139.4,33.3,1619.4,4.44,19.7,17.43,5.68,0.309,0.306,,,4.0,2.0,100.0,100.0,"2013-05-06, 2013-05-14, 2013-05-22, 2013-05-30","2012-11-03, 2012-11-19","landsat-7, landsat-8"
2014,1.022,2.736,0.223,0.598,0.583,1.51,53.3,343.76,140.12,85.63,34.02,656.83,374.27,15.8,434.0,160.0,140.0,40.0,789.8,10.45,46.4,17.31,12.97,0.3,0.354,,,3.0,4.0,100.0,100.0,"2014-05-01, 2014-05-09, 2014-05-17","2013-11-14, 2013-11-22, 2013-11-30, 2013-12-08","landsat-7, landsat-8"
2015,0.552,1.478,0.247,0.662,2.992,7.755,197.44,325.13,270.38,40.6,13.48,847.03,379.83,304.7,423.4,248.6,76.1,15.4,1068.2,9.59,42.6,16.6,10.96,0.303,0.316,,,3.0,3.0,100.0,100.0,"2015-05-04, 2015-05-20, 2015-05-28","2014-11-17, 2014-11-25, 2014-12-03","landsat-7, landsat-8"
2016,0.543,1.455,0.172,0.461,4.208,10.908,140.42,656.39,251.81,157.83,13.31,1219.76,678.06,132.1,689.4,330.8,100.7,23.6,1276.6,10.72,47.6,22.9,15.11,0.315,0.333,,,3.0,3.0,100.0,100.0,"2016-05-06, 2016-05-14, 2016-05-22","2015-11-12, 2015-11-20, 2015-12-06","landsat-7, landsat-8"
2017,0.75,2.009,0.205,0.55,8.567,22.206,84.9,539.24,354.84,297.83,0.25,1277.06,579.53,107.3,397.6,296.8,311.5,0.2,1113.4,8.6,38.2,10.51,7.23,0.279,0.317,,,4.0,3.0,100.0,100.0,"2017-05-01, 2017-05-09, 2017-05-17, 2017-05-25","2016-11-14, 2016-11-22, 2016-11-30","landsat-7, landsat-8"
2018,0.965,2.584,0.246,0.66,10.822,28.051,102.21,453.47,689.65,270.45,8.92,1524.7,820.8,92.1,444.2,462.9,203.5,0.5,1203.2,3.48,15.5,3.55,2.14,0.275,0.328,,,4.0,3.0,100.0,100.0,"2018-05-04, 2018-05-12, 2018-05-20, 2018-05-28","2017-11-17, 2017-11-25, 2017-12-03","landsat-7, landsat-8"
2019,0.741,1.985,0.205,0.55,3.062,7.937,144.35,385.63,318.42,229.77,10.06,1088.23,507.98,34.6,395.8,341.7,212.9,16.9,1001.9,3.83,17.0,16.28,3.35,0.291,0.297,,,4.0,3.0,100.0,100.0,"2019-05-07, 2019-05-15, 2019-05-23, 2019-05-31","2018-11-12, 2018-11-20, 2018-12-06","landsat-7, landsat-8"
2020,1.003,2.686,0.439,1.176,1.327,3.439,211.06,437.7,289.55,64.42,0.0,1002.73,470.35,91.8,204.3,332.0,76.5,0.0,704.6,11.46,50.9,31.61,24.79,0.343,0.386,7.68,0.47,4.0,3.0,100.0,100.0,"2020-05-01, 2020-05-09, 2020-05-17, 2020-05-25","2019-11-15, 2019-12-01, 2019-12-09","landsat-7, landsat-8"
2021,0.495,1.327,0.859,2.301,2.895,7.504,222.52,406.32,270.13,84.93,407.23,1391.13,658.78,121.2,340.9,271.6,150.6,235.8,1120.1,9.92,44.1,19.03,15.36,0.306,0.37,13.59,0.55,3.0,2.0,100.0,100.0,"2021-05-04, 2021-05-12, 2021-05-28","2020-11-17, 2020-12-03","landsat-7, landsat-8"
2022,1.51,4.044,0.503,1.348,6.268,16.248,100.34,227.69,257.88,365.91,298.74,1250.56,637.39,110.2,245.1,310.5,353.2,369.4,1388.4,8.09,36.0,16.08,12.38,0.313,0.373,,,6.0,3.0,100.0,100.0,"2022-05-07, 2022-05-13, 2022-05-15, 2022-05-25, 2022-05-30, 2022-05-31","2021-11-12, 2021-11-13, 2021-11-18","landsat-7, landsat-8, landsat-9"
2023,1.244,3.331,0.426,1.142,4.527,11.734,71.11,417.88,340.62,244.82,10.65,1085.08,532.26,108.6,550.3,233.8,147.7,2.7,1043.1,12.92,57.4,39.52,30.59,0.367,0.388,,,5.0,4.0,100.0,100.0,"2023-05-10, 2023-05-18, 2023-05-25, 2023-05-26, 2023-05-30","2022-11-15, 2022-11-23, 2022-12-01, 2022-12-09","landsat-7, landsat-8, landsat-9"
2024,0.859,2.3,0.274,0.734,14.916,38.663,91.19,617.31,334.99,246.5,0.0,1289.99,866.06,112.6,566.5,322.6,308.3,2.3,1312.3,11.91,52.9,21.65,15.53,0.307,0.339,,,3.0,5.0,100.0,100.0,"2024-05-12, 2024-05-20, 2024-05-28","2023-11-15, 2023-11-18, 2023-11-20, 2023-11-25, 2023-11-26","landsat-7, landsat-8, landsat-9"
2025,1.014,2.715,0.312,0.835,14.157,36.696,187.54,250.24,524.24,232.37,46.34,1240.73,513.85,265.4,238.6,515.6,241.5,53.1,1314.2,14.3,63.5,27.45,20.61,0.324,0.34,,,3.0,4.0,100.0,100.0,"2025-05-07, 2025-05-15, 2025-05-31","2024-11-12, 2024-11-20, 2024-11-28, 2024-12-06","landsat-8, landsat-9"
2026,0.962,2.577,0.3,0.804,21.627,56.056,,,,,,,,67.3,372.6,309.4,489.5,,,14.84,65.9,42.72,29.11,0.374,0.353,,,4.0,4.0,100.0,100.0,"2026-05-02, 2026-05-10, 2026-05-18, 2026-05-26","2025-11-15, 2025-11-23, 2025-12-01, 2025-12-09","landsat-8, landsat-9"
