year,may_looks,may_dates,nov_looks,nov_dates,platforms,may_seen_pct,green_in_may_pct,both_seen_pct,may_median_ndvi,nov_median_ndvi,permanent_pct,permanent_km2,green_both_abs_pct,worldcover_trees_pct,worldcover_precision
1985,0,,0,,,,,,,,,,,,
1986,0,,0,,,,,,,,,,,,
1987,0,,0,,,,,,,,,,,,
1988,0,,0,,,,,,,,,,,,
1989,0,,0,,,,,,,,,,,,
1990,0,,0,,,,,,,,,,,,
1991,0,,1,1990-12-17,landsat-5,,,,,,,,,,
1992,1,1992-04-26,0,,landsat-5,100.0,0.21,,,,,,,,
1993,2,"1993-04-29, 1993-05-15",0,,landsat-5,100.0,2.43,,,,,,,,
1994,2,"1994-05-02, 1994-05-18",1,1993-12-09,landsat-5,100.0,1.4,100.0,0.201,0.238,5.81,25.8,0.36,,
1995,1,1995-05-05,1,1994-12-12,landsat-5,100.0,4.45,100.0,0.232,0.303,7.94,35.3,3.0,,
1996,1,1996-05-07,1,1995-12-15,landsat-5,100.0,6.55,99.3,0.236,0.299,9.45,42.0,4.37,,
1997,0,,2,"1996-11-15, 1996-12-01",landsat-5,,,,,,,,,,
1998,2,"1998-05-13, 1998-05-29",1,1997-11-02,landsat-5,100.0,1.07,100.0,0.235,0.379,3.88,17.2,0.79,,
1999,1,1999-04-30,2,"1998-11-21, 1998-12-07",landsat-5,100.0,1.53,100.0,0.211,0.298,7.12,31.6,0.8,,
2000,2,"2000-05-26, 2000-06-03",2,"1999-11-24, 1999-12-02","landsat-5, landsat-7",100.0,1.7,100.0,0.25,0.251,6.1,27.1,0.69,,
2001,1,2001-04-27,1,2000-12-04,landsat-7,100.0,3.44,100.0,0.219,0.263,7.43,33.0,1.57,,
2002,1,2002-06-01,0,,landsat-7,86.4,6.68,,,,,,,,
2003,0,,0,,,,,,,,,,,,
2004,2,"2004-05-05, 2004-05-21",2,"2003-11-11, 2003-11-27",landsat-7,88.9,0.05,88.9,0.19,0.261,2.3,10.2,0.01,,
2005,2,"2005-05-08, 2005-05-24",2,"2004-11-13, 2004-11-29",landsat-7,99.8,1.53,95.8,0.216,0.27,6.59,29.3,0.85,,
2006,1,2006-05-11,2,"2005-11-16, 2005-12-02",landsat-7,88.0,2.44,88.0,0.23,0.309,7.55,33.6,1.41,,
2007,2,"2007-05-14, 2007-05-30",2,"2006-11-03, 2006-11-19",landsat-7,100.0,13.63,95.4,0.287,0.324,8.36,37.2,8.36,,
2008,2,"2008-05-08, 2008-05-24",2,"2007-11-22, 2007-12-08","landsat-5, landsat-7",100.0,2.29,99.6,0.231,0.28,5.35,23.8,0.93,,
2009,2,"2009-05-19, 2009-05-27",4,"2008-11-16, 2008-11-24, 2008-12-02, 2008-12-10","landsat-5, landsat-7",100.0,2.75,100.0,0.23,0.291,6.92,30.8,1.58,,
2010,2,"2010-04-20, 2010-05-22",3,"2009-11-19, 2009-11-27, 2009-12-05","landsat-5, landsat-7",100.0,2.79,100.0,0.226,0.302,8.43,37.5,2.14,,
2011,2,"2011-05-01, 2011-05-17",2,"2010-11-06, 2010-12-08",landsat-5,100.0,1.86,100.0,0.245,0.315,4.78,21.2,1.22,,
2012,2,"2012-04-25, 2012-05-27",2,"2011-11-17, 2011-12-03",landsat-7,100.0,5.33,96.6,0.266,0.29,4.37,19.4,1.88,,
2013,4,"2013-05-06, 2013-05-14, 2013-05-22, 2013-05-30",2,"2012-11-03, 2012-11-19","landsat-7, landsat-8",100.0,17.43,100.0,0.309,0.306,4.44,19.7,5.68,,
2014,3,"2014-05-01, 2014-05-09, 2014-05-17",4,"2013-11-14, 2013-11-22, 2013-11-30, 2013-12-08","landsat-7, landsat-8",100.0,17.31,100.0,0.3,0.354,10.45,46.4,12.97,,
2015,3,"2015-05-04, 2015-05-20, 2015-05-28",3,"2014-11-17, 2014-11-25, 2014-12-03","landsat-7, landsat-8",100.0,16.6,100.0,0.303,0.316,9.59,42.6,10.96,,
2016,3,"2016-05-06, 2016-05-14, 2016-05-22",3,"2015-11-12, 2015-11-20, 2015-12-06","landsat-7, landsat-8",100.0,22.9,100.0,0.315,0.333,10.72,47.6,15.11,,
2017,4,"2017-05-01, 2017-05-09, 2017-05-17, 2017-05-25",3,"2016-11-14, 2016-11-22, 2016-11-30","landsat-7, landsat-8",100.0,10.51,100.0,0.279,0.317,8.6,38.2,7.23,,
2018,4,"2018-05-04, 2018-05-12, 2018-05-20, 2018-05-28",3,"2017-11-17, 2017-11-25, 2017-12-03","landsat-7, landsat-8",100.0,3.55,100.0,0.275,0.328,3.48,15.5,2.14,,
2019,4,"2019-05-07, 2019-05-15, 2019-05-23, 2019-05-31",3,"2018-11-12, 2018-11-20, 2018-12-06","landsat-7, landsat-8",100.0,16.28,100.0,0.291,0.297,3.83,17.0,3.35,,
2020,4,"2020-05-01, 2020-05-09, 2020-05-17, 2020-05-25",3,"2019-11-15, 2019-12-01, 2019-12-09","landsat-7, landsat-8",100.0,31.61,100.0,0.343,0.386,11.46,50.9,24.79,7.68,0.47
2021,3,"2021-05-04, 2021-05-12, 2021-05-28",2,"2020-11-17, 2020-12-03","landsat-7, landsat-8",100.0,19.03,100.0,0.306,0.37,9.92,44.1,15.36,13.59,0.55
2022,6,"2022-05-07, 2022-05-13, 2022-05-15, 2022-05-25, 2022-05-30, 2022-05-31",3,"2021-11-12, 2021-11-13, 2021-11-18","landsat-7, landsat-8, landsat-9",100.0,16.08,100.0,0.313,0.373,8.09,36.0,12.38,,
2023,5,"2023-05-10, 2023-05-18, 2023-05-25, 2023-05-26, 2023-05-30",4,"2022-11-15, 2022-11-23, 2022-12-01, 2022-12-09","landsat-7, landsat-8, landsat-9",100.0,39.52,100.0,0.367,0.388,12.92,57.4,30.59,,
2024,3,"2024-05-12, 2024-05-20, 2024-05-28",5,"2023-11-15, 2023-11-18, 2023-11-20, 2023-11-25, 2023-11-26","landsat-7, landsat-8, landsat-9",100.0,21.65,100.0,0.307,0.339,11.91,52.9,15.53,,
2025,3,"2025-05-07, 2025-05-15, 2025-05-31",4,"2024-11-12, 2024-11-20, 2024-11-28, 2024-12-06","landsat-8, landsat-9",100.0,27.45,100.0,0.324,0.34,14.3,63.5,20.61,,
2026,4,"2026-05-02, 2026-05-10, 2026-05-18, 2026-05-26",4,"2025-11-15, 2025-11-23, 2025-12-01, 2025-12-09","landsat-8, landsat-9",100.0,42.72,100.0,0.374,0.353,14.84,65.9,29.11,,
