year,days,complete,note,rain_mm,et0_mm,above_mean_m3s,above_volume_mcm,above_peak_day_m3s,above_low_7day_m3s,entering_mean_m3s,entering_volume_mcm,entering_peak_day_m3s,entering_low_7day_m3s,below_mean_m3s,below_volume_mcm,below_peak_day_m3s,below_low_7day_m3s,mouth_mean_m3s,mouth_volume_mcm,mouth_peak_day_m3s,mouth_low_7day_m3s,ramganga_mean_m3s,ramganga_volume_mcm,ramganga_peak_day_m3s,ramganga_low_7day_m3s,mouth_runoff_mm,mouth_runoff_pct_of_rain,mouth_volume_10yr_mcm
1940,366,True,"warm-up year, left out of statistics",809.42,1775.98,0.30724,9.71568,8.53,0.03,0.343169,10.8518,9.37,0.04,0.473142,14.9619,11.96,0.0557143,0.63082,19.948,20.76,0.0828571,199.92,6321.94,3916.75,7.12714,53.6959,6.63388,
1941,365,True,"warm-up year, left out of statistics",716.04,1844.53,0.261425,8.24429,32.16,0.01,0.290493,9.16099,31.65,0.01,0.391973,12.3612,33.87,0.01,0.490904,15.4812,36.78,0.01,188.279,5937.57,1254.98,8.8,41.672,5.81979,
1942,365,True,,1264.88,1752.88,1.94901,61.4641,58.33,0,2.19458,69.2081,59.26,0,3.03964,95.8582,53.85,0,4.13874,130.519,58.79,0,452.885,14282.2,5911.28,5.07571,351.331,27.7758,
1943,365,True,,1349.86,1652.6,2.94282,92.8048,51.8,0.0428571,3.32745,104.935,52.97,0.0485714,4.73118,149.202,72.43,0.0828571,6.61321,208.554,96.05,0.134286,679.137,21417.3,5985.38,8.64857,561.384,41.5883,
1944,366,True,,990.87,1860.65,1.20511,38.1084,58.07,0.03,1.35598,42.8795,63.07,0.04,1.94014,61.3518,77.92,0.06,2.73128,86.3698,82.22,0.0957143,335.253,10601.5,3254.19,7.37286,232.489,23.4631,
1945,365,True,,1017.98,1859.86,1.50066,47.3247,42.22,0.02,1.67825,52.9252,48.9,0.02,2.23515,70.4877,55.74,0.03,2.8994,91.4354,51.39,0.0485714,422.868,13335.6,2755.56,6.04857,246.125,24.1778,
1946,365,True,,804.84,1844.9,0.667945,21.0643,17.97,0.03,0.759452,23.9501,21.13,0.0342857,1.15682,36.4815,41.15,0.05,1.70282,53.7002,69.66,0.0742857,189.395,5972.75,2075.64,6.39429,144.55,17.96,
1947,365,True,,1123.73,1793.41,2.07238,65.3547,33.92,0.0185714,2.31184,72.906,41.16,0.02,3.0254,95.4089,50.61,0.03,3.83151,120.83,41.98,0.0485714,453.492,14301.3,3115.94,3.87714,325.25,28.9438,
1948,366,True,,1104.32,1760.19,1.7021,53.8246,20.92,0.03,1.92194,60.7764,21.3,0.04,2.69156,85.1135,28.37,0.0585714,3.71574,117.501,40.19,0.09,469.144,14835.4,8815.63,8.00429,316.287,28.6409,
1949,365,True,,1388.95,1484.83,1.84605,58.2172,34.14,0.107143,2.08022,65.6018,37.37,0.122857,2.94326,92.8187,45.96,0.191429,4.09441,129.121,38.31,0.295714,524.824,16550.9,5400.16,31.0729,347.568,25.0238,
1950,365,True,,1764.25,1565.5,3.37616,106.471,64.78,0.04,3.82907,120.754,69.97,0.0471429,5.43123,171.279,90.39,0.0771429,7.5917,239.412,124.23,0.125714,636.263,20065.2,4837.17,17.6514,644.446,36.5281,
1951,365,True,,1049.27,1592.54,1.47027,46.3666,20.85,0.115714,1.65912,52.3221,21.34,0.134286,2.46052,77.595,30.53,0.208571,3.5891,113.186,51.15,0.327143,355.044,11196.7,2154.43,53.1229,304.672,29.0366,129.063
1952,366,True,,1372.27,1381.14,2.10522,66.5721,40.24,0.227143,2.36792,74.8794,38.71,0.251429,3.27658,103.613,51.78,0.34,4.45546,140.892,52.61,0.47,436.048,13788.9,3659.02,45.8786,379.253,27.6369,130.1
1953,365,True,,1629.63,1382.05,2.65227,83.6421,47.79,0.0942857,3.00219,94.6771,54.76,0.105714,4.59288,144.841,71.75,0.162857,6.96307,219.587,92.9,0.247143,711.386,22434.3,12743.6,44.1929,591.083,36.271,131.203
1954,365,True,,1460.52,1701.28,2.21742,69.9287,46.63,0.0542857,2.49937,78.8201,49.95,0.0614286,3.71058,117.017,62.76,0.0957143,5.46255,172.267,70.98,0.144286,610.457,19251.4,7356.43,17.7629,463.706,31.7494,139.793
1955,365,True,,1340.07,1729.75,2.16216,68.186,35.47,0.0385714,2.4409,76.9764,35.61,0.0414286,3.71671,117.21,41.27,0.0642857,5.60351,176.712,56.76,0.101429,525.561,16574.1,6106.41,8.42714,475.672,35.4961,148.321
1956,366,True,,1427.42,1707.48,2.8832,91.1736,61.97,0.0385714,3.25538,102.943,66.59,0.0414286,4.87331,154.106,94.79,0.07,7.22623,228.511,143.35,0.117143,688.163,21761.4,9893.67,12.5429,615.103,43.0919,165.802
1957,365,True,,1376.09,1772.94,2.61997,82.6235,182.23,0.0357143,2.97315,93.7613,191.46,0.0428571,4.78096,150.772,239.91,0.0657143,7.54362,237.895,316.17,0.104286,426.1,13437.5,6778.53,11.51,640.365,46.5351,177.508
1958,365,True,,1731.36,1737.51,4.94778,156.033,205.35,0.04,5.6011,176.636,242.76,0.04,8.12022,256.079,324.84,0.07,11.6352,366.929,317.61,0.12,714.793,22541.7,12333.1,7.97286,987.695,57.0474,202.451
1959,365,True,,1381.91,1702.94,3.17104,100.002,251.18,0.05,3.60049,113.545,260.82,0.06,4.82964,152.308,258.34,0.0914286,6.29016,198.367,295.5,0.148571,626.447,19755.6,7511.57,15.7186,533.961,38.6394,209.376
1960,366,True,,1428.73,1772.21,2.80085,88.5695,38.54,0.0471429,3.17158,100.293,43.87,0.0557143,4.81601,152.294,54.4,0.0928571,7.24738,229.179,80.13,0.15,610.636,19309.8,7254.64,10.3671,616.903,43.1784,208.353
1961,365,True,,1606.83,1595.33,3.05589,96.3706,78.12,0.111429,3.48452,109.888,89.49,0.131429,5.29822,167.085,130.26,0.202857,7.91055,249.467,199.67,0.311429,655.365,20667.6,8241.57,26.2729,671.513,41.7912,221.981
1962,365,True,,1414.13,1661.66,2.99641,94.4948,157.59,0.0785714,3.3994,107.203,158.06,0.0885714,5.12616,161.659,189.68,0.135714,7.6446,241.08,219.01,0.208571,604.449,19061.9,6761.94,25.9129,648.937,45.8895,231.999
1963,365,True,,1223.72,1689.75,2.32934,73.4581,89.82,0.05,2.63685,83.1557,93.47,0.0557143,4.00258,126.225,113.65,0.1,5.97422,188.403,146.42,0.162857,545.803,17212.4,6698.02,21.8671,507.141,41.4426,228.881
1964,366,True,,1679.4,1829.6,4.33538,137.095,354.65,0.0228571,4.97869,157.438,384.17,0.0242857,7.43197,235.017,424.79,0.0457143,10.8344,342.611,481.17,0.0857143,676.888,21404.8,10125.9,7.82857,922.236,54.9146,245.915
1965,365,True,,800.87,1891.31,0.63011,19.8711,25.67,0.0342857,0.705425,22.2463,25.7,0.04,1.08321,34.16,27.25,0.0657143,1.6114,50.817,37.87,0.102857,207.12,6531.75,2797.67,11.6457,136.789,17.08,233.326
1966,365,True,,1021.78,1890.34,1.40129,44.191,77.39,0.0214286,1.56236,49.2705,78.22,0.0257143,2.16408,68.2465,86.67,0.04,2.97551,93.8356,97.12,0.06,360.061,11354.9,7671.43,5.31429,252.586,24.7202,219.858
1967,365,True,,1499.98,1725.98,2.79044,87.9993,56.99,0.04,3.16123,99.6926,61.59,0.0414286,4.72488,149.004,102.66,0.0671429,6.96121,219.529,146.2,0.105714,590.405,18619,8526.93,6.49714,590.925,39.3955,218.022
1968,366,True,,1149.84,1643.05,1.52331,48.1706,47.76,0.0814286,1.73096,54.737,54.37,0.0914286,2.53246,80.0824,78.14,0.154286,3.62322,114.575,122.12,0.242857,316.732,10015.8,3504.17,21.2957,308.412,26.8222,192.786
1969,365,True,,1307.91,1716.79,2.75532,86.8916,119.64,0.0557143,3.1329,98.7993,129.9,0.0628571,4.66137,147.001,195.62,0.101429,6.84751,215.943,276.68,0.162857,469.842,14816.9,6997.03,21.9143,581.273,44.4429,194.544
1970,365,True,,1033.57,1610.4,1.08477,34.2092,10.27,0.104286,1.21455,38.302,10.05,0.121429,1.60474,50.6071,9.77,0.191429,2.06537,65.1335,12.62,0.298571,332.898,10498.3,2604.47,14.4143,175.326,16.9631,178.139
1971,365,True,,1586.88,1451.39,3.25573,102.673,47.94,0.128571,3.68482,116.205,56.12,0.148571,5.27074,166.218,73.97,0.211429,7.43784,234.56,91.06,0.307143,682.372,21519.3,7946.56,22.6543,631.385,39.7878,176.649
1972,366,True,,1027.78,1828.36,1.23913,39.1841,78.49,0.0514286,1.38893,43.9214,85.18,0.0614286,1.99645,63.1325,111.53,0.0928571,2.8412,89.8456,160.57,0.147143,323.229,10221.3,6924.05,12.7157,241.846,23.5309,161.525
1973,365,True,,1601.33,1597.12,3.71044,117.012,117.29,0.06,4.2106,132.786,119.26,0.0685714,5.76293,181.74,150.57,0.0985714,7.68216,242.265,142.77,0.142857,638.337,20130.6,6247.32,22.0914,652.126,40.724,166.911
1974,365,True,,915.68,1800.26,1.13814,35.8923,59.95,0.0585714,1.27395,40.1751,61.73,0.0642857,1.86304,58.7529,72.75,0.118571,2.70463,85.2932,92.15,0.197143,294.335,9282.15,4451.63,16.2929,229.591,25.0733,141.18
1975,365,True,,1521.8,1689.45,3.02858,95.5092,54.96,0.04,3.43921,108.459,56.56,0.04,5.11036,161.16,69.9,0.07,7.47959,235.876,120.07,0.121429,637.952,20118.4,9308.66,17.39,634.93,41.7223,159.686
1976,366,True,,1337.82,1728.11,2.81317,88.9592,84.2,0.0614286,3.18281,100.648,87.9,0.07,4.61587,145.965,108.06,0.112857,6.58645,208.279,142.59,0.188571,502.681,15896,6121.5,16.6557,560.644,41.9073,171.13
1977,365,True,,1025.98,1645.89,1.37438,43.3426,27.39,0.06,1.55323,48.9828,28.42,0.07,2.13477,67.322,42.38,0.12,2.85953,90.1783,68.24,0.185714,284.32,8966.33,1861.31,19.97,242.741,23.6594,158.195
1978,365,True,,1363.66,1612.36,2.97408,93.7907,197.05,0.07,3.37877,106.553,204.65,0.08,4.78301,150.837,218.21,0.122857,6.59721,208.049,269.39,0.182857,440.684,13897.4,7871.72,13.32,560.025,41.0678,167.542
1979,365,True,,708.53,1769.99,0.577671,18.2174,31.77,0.0757143,0.63137,19.9109,39.02,0.0842857,0.819096,25.831,44.2,0.104286,1.03184,32.54,37.25,0.128571,214.241,6756.29,3294.81,18.5929,87.5908,12.3623,149.202
1980,366,True,,1076.35,1733.62,0.979016,30.9588,33.93,0.02,1.09861,34.7406,35.15,0.0214286,1.74003,55.0238,68.8,0.0257143,2.69661,85.2733,132.61,0.0314286,301.322,9528.52,4629.38,9.55857,229.538,21.3256,151.216
1981,365,True,,989.49,1669.16,1.1869,37.4302,15.13,0.07,1.35652,42.7792,16.21,0.08,2.08638,65.7962,49.39,0.125714,3.11797,98.3284,105.94,0.195714,266.077,8391.01,3286.25,23.6414,264.679,26.7491,137.593
1982,365,True,,1028.75,1648.04,1.05189,33.1724,56.59,0.0557143,1.17359,37.0103,58.24,0.0614286,1.64934,52.0137,74.82,0.0957143,2.27762,71.8269,116.41,0.142857,233.109,7351.34,2635.93,30.3986,193.343,18.794,135.791
1983,365,True,,1469.62,1606.34,2.15619,67.9977,108.12,0.0571429,2.44367,77.0636,114.49,0.0614286,3.88737,122.592,183.47,0.09,6.04427,190.612,307.81,0.132857,433.656,13675.8,6055.21,21.3314,513.088,34.913,130.626
1984,366,True,,978.45,1757.94,1.16199,36.7451,44.75,0.07,1.31637,41.6267,49.16,0.0785714,1.90467,60.2303,65.97,0.13,2.68822,85.0081,78.14,0.21,261.453,8267.78,2552.89,9.85,228.824,23.3864,130.597
1985,365,True,,1427.44,1785.18,2.84767,89.8042,171.28,0.0371429,3.24997,102.491,185.4,0.04,4.99737,157.597,278.83,0.07,7.53956,237.768,425.9,0.117143,412.431,13006.4,5416.97,10.4286,640.021,44.8369,130.786
1986,365,True,,900.15,1694.6,0.655973,20.6868,25.25,0.0714286,0.721014,22.7379,26.9,0.0814286,1.0577,33.3556,36.74,0.138571,1.55022,48.8877,73.41,0.234286,275.263,8680.69,3278.9,15.2629,131.595,14.6193,114.847
1987,365,True,,506.39,1852.38,0.140521,4.43146,7.52,0.01,0.154822,4.88246,7.53,0.01,0.240247,7.57642,11.81,0.02,0.364247,11.4869,19.3,0.03,108.642,3426.15,1630.09,9.34571,30.9203,6.10602,106.978
1988,366,True,,1206.11,1729,1.89262,59.8493,66.9,0,2.12451,67.182,77.75,0,2.95391,93.4096,106.06,0,4.05697,128.291,146.35,0.00285714,539.858,17071.6,7462.43,7.24286,345.333,28.6319,99.0022
1989,365,True,,874,1757.56,0.647479,20.4189,18.14,0.0528571,0.710438,22.4044,16.67,0.06,1.01825,32.1114,22.21,0.0971429,1.45723,45.9553,26.34,0.152857,353.434,11145.9,7587.39,16.3729,123.702,14.1535,100.344
1990,365,True,,1405.85,1606.66,2.36299,74.5191,112.51,0.04,2.672,84.2642,115.92,0.04,3.72614,117.507,146.56,0.06,5.0774,160.121,199.86,0.0814286,524.036,16526,6611.18,20.1829,431.012,30.6584,107.828
1991,365,True,,960.67,1724.17,0.864548,27.2644,16.7,0.0414286,0.974219,30.723,16.92,0.0485714,1.39586,44.0199,31.11,0.0814286,1.94699,61.4002,55.54,0.131429,231.06,7286.69,1782.83,20.1471,165.276,17.2043,104.136
1992,366,True,,954.94,1709.41,1.36978,43.3158,100.25,0.0571429,1.53598,48.5715,100.98,0.0628571,2.01167,63.6137,119.55,0.0928571,2.55557,80.8134,128.86,0.135714,277.424,8772.82,2995.21,15.7714,217.533,22.7797,105.034
1993,365,True,,1088.89,1650.03,2.10704,66.4476,100.01,0.0685714,2.36077,74.4492,108.72,0.0785714,3.04959,96.1718,132.95,0.111429,3.79441,119.661,138.24,0.167143,411.364,12972.8,8396.08,23.6086,322.101,29.5807,97.9392
1994,365,True,,940.33,1728.7,1.318,41.5644,68.24,0.05,1.45096,45.7574,63.91,0.0528571,1.84074,58.0496,60.47,0.0885714,2.2866,72.1103,63.97,0.138571,374.489,11809.9,4171.26,17.6943,194.106,20.6423,96.6494
1995,365,True,,950.67,1703.28,1.10071,34.7121,40.62,0.05,1.21518,38.3219,40.44,0.0585714,1.62173,51.1428,45.04,0.0885714,2.15477,67.9527,52.67,0.138571,402.262,12685.7,4613.13,11.6186,182.914,19.2406,79.6679
1996,366,True,,1478.72,1602.8,3.20847,101.46,63.54,0.0757143,3.65631,115.621,67.13,0.0857143,5.41552,171.252,83.09,0.131429,7.8821,249.251,103.81,0.2,539.069,17046.7,4813.56,19.83,670.931,45.3724,99.7042
1997,365,True,,1077.99,1549.75,0.939781,29.6369,19.49,0.07,1.05704,33.3348,21.29,0.08,1.58748,50.0628,22.81,0.13,2.34041,73.8072,30.28,0.201429,309.626,9764.36,2073.61,23.7686,198.673,18.43,105.936
1998,365,True,,1345.19,1460.27,2.61866,82.582,58.9,0.117143,2.94638,92.9172,59.75,0.137143,4.12803,130.181,73.69,0.24,5.67463,178.955,70.47,0.4,399.653,12603.5,2632.16,21.7943,481.71,35.8098,111.003
1999,365,True,,1037.68,1659.33,1.50047,47.3187,61.07,0.0814286,1.68959,53.2829,59.19,0.0928571,2.35162,74.1606,63.79,0.151429,3.20408,101.044,67.61,0.238571,359.376,11333.3,4676.19,17.9529,271.989,26.2113,116.512
2000,366,True,,923.84,1553.93,1.38617,43.8342,16.53,0.0971429,1.56631,49.5305,18.1,0.108571,2.08205,65.8394,19.11,0.151429,2.68303,84.8439,23.78,0.205714,411.28,13005.7,3876.88,35.0671,228.382,24.721,108.984
2001,365,True,,778.7,1591.19,0.72263,22.7889,9.66,0.0985714,0.813178,25.6444,11.5,0.112857,1.09825,34.6343,13.3,0.18,1.44556,45.5872,15.14,0.285714,241.718,7622.83,2652.94,22.3457,122.711,15.7585,107.403
2002,365,True,,1112.44,1588.28,1.38115,43.556,24.46,0.0942857,1.57238,49.5867,28.24,0.107143,2.22214,70.0773,39.88,0.15,3.0629,96.5917,72.99,0.21,307.5,9697.32,4289.85,23.6357,260.005,23.3725,108.98
2003,365,True,,1439.64,1533.42,3.31575,104.566,72.15,0.102857,3.76066,118.596,83.68,0.118571,5.57614,175.849,104.31,0.178571,8.16973,257.64,140.67,0.262857,464.118,14636.4,4587.48,16.2686,693.514,48.1727,122.778
2004,366,True,,895.44,1643.86,0.785464,24.8383,26.58,0.0928571,0.882596,27.9098,31.19,0.107143,1.30131,41.1506,38.54,0.18,1.8765,59.3395,43.3,0.29,208.925,6606.72,2940.28,16.2571,159.73,17.8381,121.501
2005,365,True,,980.42,1703.81,1.48781,46.9195,67.26,0.06,1.67047,52.6798,64.45,0.07,2.14767,67.729,106.61,0.09,2.6431,83.3527,133.61,0.108571,353.193,11138.3,4748.67,10.9143,224.368,22.8849,123.041
2006,365,True,,788.38,1640.92,0.853726,26.9231,51.19,0.0914286,0.952575,30.0404,58.35,0.107143,1.30373,41.1143,71.86,0.155714,1.73504,54.7163,67.72,0.222857,246.101,7761.04,2867.96,19.6857,147.285,18.6819,103.588
2007,365,True,,1002.42,1587.99,0.900027,28.3833,12.05,0.0785714,1.00088,31.5636,14.32,0.09,1.29447,40.8223,23.04,0.111429,1.62668,51.2991,45.5,0.137143,296.206,9341.15,3960.47,21.16,138.087,13.7753,101.337
2008,366,True,,1273.41,1501.84,2.94516,93.1332,66.12,0.107143,3.32929,105.28,76.76,0.121429,4.6312,146.45,92.45,0.162857,6.34347,200.596,107.29,0.212857,564.85,17861.9,9080.39,15.7443,539.962,42.4028,103.501
2009,365,True,,989.75,1759.44,1.38523,43.6847,70.77,0.0771429,1.56027,49.2048,71.94,0.0885714,2.23819,70.5836,58.69,0.148571,3.11501,98.2351,84.43,0.225714,349.059,11007.9,7564.69,13.8671,264.428,26.7167,103.22
2010,365,True,,1460.79,1614.63,3.64715,115.017,116.36,0.07,4.1046,129.443,121.72,0.08,5.80764,183.15,144.8,0.11,8.14326,256.806,209.2,0.144286,662.938,20906.4,7718.29,16.6671,691.267,47.3215,120.416
2011,365,True,,1155.92,1552.31,2.15211,67.8689,32.25,0.111429,2.47564,78.0719,34.32,0.127143,3.92797,123.873,55.12,0.21,6.07879,191.701,95,0.337143,394.572,12443.2,5350.45,24.74,516.018,44.6414,135.028
2012,366,True,,901.6,1767.41,1.49817,47.3757,77.21,0.0528571,1.70311,53.8566,80.1,0.06,2.43779,77.0887,97.26,0.0957143,3.40148,107.563,120.12,0.15,288.634,9127.31,2569.54,9.58714,289.537,32.1136,136.125
2013,365,True,,1364.25,1515.81,2.80282,88.3898,60.73,0.122857,3.16808,99.9086,59.65,0.142857,4.45068,140.357,57.7,0.234286,6.13184,193.374,92.81,0.382857,550.42,17358.1,4668.88,15.7043,520.521,38.1544,129.698
2014,365,True,,751.99,1673.8,0.454329,14.3277,7.9,0.0814286,0.508767,16.0445,8.81,0.0914286,0.740137,23.341,12.5,0.16,1.06803,33.6813,16.88,0.258571,201.779,6363.29,2394.12,15.0343,90.663,12.0564,127.132
2015,365,True,,1058.64,1538.14,1.26041,39.7483,33.11,0.125714,1.40605,44.3413,31.04,0.137143,1.96068,61.8322,41.01,0.191429,2.71597,85.6509,69.15,0.265714,266.966,8419.03,2305.16,29.6029,230.554,21.7783,127.362
2016,366,True,,1096.45,1566.4,1.82243,57.6297,77.36,0.0857143,2.05448,64.9676,74.68,0.0971429,3.01189,95.243,88.71,0.155714,4.32462,136.755,101.25,0.242857,361.227,11422.8,3782.56,14.8543,368.115,33.5734,135.566
2017,365,True,,920.03,1579.31,1.35011,42.5771,33.26,0.0928571,1.51652,47.825,39.73,0.105714,2.09463,66.0563,51.12,0.172857,2.84425,89.6962,63.12,0.272857,365.328,11521,3690.65,22.4257,241.443,26.243,139.406
2018,365,True,,983.59,1567.82,2.07345,65.3884,34.1,0.105714,2.36655,74.6315,33.94,0.122857,3.25636,102.692,40.39,0.19,4.34811,137.122,43.4,0.292857,513.497,16193.6,6320.81,23.1986,369.104,37.5262,133.058
2019,365,True,,1025.26,1574.61,0.965288,30.4413,17.89,0.0785714,1.0794,34.0399,17.83,0.0885714,1.68353,53.0919,23.82,0.154286,2.58359,81.4761,31.96,0.255714,272.791,8602.73,1909.45,32.8529,219.316,21.3913,131.382
2020,366,True,,862.4,1465.61,0.714071,22.5806,8.78,0.197143,0.798907,25.2634,9.58,0.222857,1.1609,36.7105,15.58,0.34,1.66934,52.7887,23.25,0.521429,224.923,7112.62,1621.52,42.7914,142.096,16.4768,110.981
2021,365,True,,1115.71,1491.35,1.24504,39.2636,53.27,0.1,1.40082,44.1763,52.09,0.112857,2.18458,68.8928,59.02,0.174286,3.32515,104.862,102.94,0.264286,456.381,14392.4,6939.93,22.9843,282.266,25.2993,102.297
2022,365,True,,1128.64,1531.99,2.0043,63.2076,74.04,0.201429,2.23932,70.619,75.49,0.228571,2.93507,92.5603,70.87,0.365714,3.74167,117.997,76.9,0.575714,418.044,13183.4,7509.87,41.9529,317.624,28.1422,103.34
2023,365,True,,1067.25,1494.98,1.40893,44.4321,51.43,0.15,1.59458,50.2865,53.91,0.17,2.44471,77.0964,75.43,0.258571,3.69036,116.379,108.75,0.395714,278.269,8775.49,2596.48,28.7143,313.268,29.3528,95.6408
2024,366,True,,1129.96,1558.15,2.10503,66.566,46.28,0.12,2.37399,75.0712,52.38,0.14,3.55158,112.31,75.67,0.214286,5.26489,166.488,117.18,0.328571,409.087,12936.3,4555.98,14.9529,448.152,39.6609,108.922
2025,365,True,,1192.09,1468.56,2.29112,72.2529,56.22,0.138571,2.60507,82.1534,55.78,0.157143,4.00395,126.268,73.18,0.27,6.03636,190.363,111.44,0.451429,458.942,14473.2,5083.52,24.7014,512.416,42.9847,119.393
2026,267,False,part year (to 24 Sep 2026),960.56,1194.74,1.40438,32.3974,35.37,0.1,1.57768,36.3951,38.67,0.111429,2.37341,54.7517,52.61,0.2,3.52049,81.2134,71.53,0.332857,393.679,9081.71,3352.13,23.5314,218.609,,
