month,name,above_mean_m3s,above_volume_mcm,entering_mean_m3s,entering_volume_mcm,khajuria_mean_m3s,khajuria_volume_mcm,below_mean_m3s,below_volume_mcm,mouth_mean_m3s,mouth_volume_mcm,ramganga_mean_m3s,ramganga_volume_mcm,mouth_median_m3s,mouth_p10_m3s,mouth_p90_m3s,mouth_share_pct,rain_mm,et0_mm
1,January,0.492108,1.31806,0.562935,1.50777,0.595828,1.59587,0.840054,2.25,1.23075,3.29645,73.4535,196.738,1.22177,0.732419,1.81016,2.90538,28.9537,76.7313
2,February,0.462479,1.12812,0.526412,1.28405,0.557018,1.35867,0.792534,1.93277,1.17314,2.86053,78.4078,191.416,1.10321,0.624786,1.48651,2.52117,38.646,98.7117
3,March,0.332172,0.88969,0.375903,1.00682,0.396978,1.06327,0.558462,1.49579,0.819581,2.19516,64.9361,173.925,0.740806,0.479548,1.20174,1.93474,27.266,162.009
4,April,0.206433,0.535075,0.234644,0.608198,0.248178,0.643277,0.353289,0.915725,0.524633,1.35985,49.1662,127.439,0.537667,0.3169,0.733133,1.19852,16.3637,214.23
5,May,0.148548,0.397872,0.16843,0.451123,0.178151,0.477158,0.252849,0.677232,0.374409,1.00282,57.2866,153.436,0.341935,0.220194,0.45071,0.883847,22.6383,230.509
6,June,0.677811,1.75689,0.747833,1.93838,0.787956,2.04238,1.06404,2.758,1.49834,3.88371,249.929,647.816,0.511,0.2236,3.93687,3.42297,123.453,184.116
7,July,3.54686,9.49991,3.93828,10.5483,4.14151,11.0926,5.39171,14.4412,7.19827,19.2798,901.315,2414.08,5.42613,1.63371,14.292,16.9926,321.85,119.036
8,August,5.06305,13.5609,5.69146,15.244,5.9894,16.042,7.89112,21.1356,10.7972,28.9191,1369.38,3667.76,6.62758,1.68287,25.0889,25.4883,272.767,109.64
9,September,5.1641,13.3853,5.85482,15.1757,6.16831,15.9883,8.26957,21.4347,11.4537,29.688,965.665,2503,6.8875,3.44237,28.5803,26.166,158.563,114.31
10,October,1.88317,5.04389,2.1458,5.7473,2.26392,6.0637,3.06166,8.20034,4.27861,11.4598,317.765,851.102,3.94839,1.83835,6.33742,10.1003,25.5773,124.402
11,November,0.884189,2.29182,1.0125,2.6244,1.07072,2.77531,1.47217,3.81586,2.09544,5.43139,110.27,285.819,2.043,1.1292,3.22747,4.78704,3.61933,98.1557
12,December,0.622828,1.66818,0.713452,1.91091,0.755237,2.02283,1.05317,2.82082,1.52466,4.08364,75.2838,201.64,1.54968,0.866935,2.24084,3.59918,13.65,78.424
