segment,month,mean_m3s,median_m3s,p10_m3s,p90_m3s,volume_mcm,share_pct
above,1,0.492108,0.481774,0.374484,0.64,1.31806,2.56055
above,2,0.462479,0.395536,0.315108,0.612521,1.12812,2.19157
above,3,0.332172,0.295323,0.208645,0.448548,0.88969,1.72837
above,4,0.206433,0.192333,0.147267,0.292867,0.535075,1.03947
above,5,0.148548,0.133226,0.0930323,0.170194,0.397872,0.772931
above,6,0.677811,0.229833,0.0853,2.0453,1.75689,3.41304
above,7,3.54686,2.6,0.989806,7.93397,9.49991,18.4551
above,8,5.06305,3.35855,1.00319,11.8643,13.5609,26.3442
above,9,5.1641,3.16583,1.6256,13.0674,13.3853,26.0032
above,10,1.88317,1.86581,0.956194,3.09887,5.04389,9.79857
above,11,0.884189,0.871667,0.574667,1.20133,2.29182,4.45223
above,12,0.622828,0.601452,0.407613,0.806742,1.66818,3.24072
entering,1,0.562935,0.552903,0.425806,0.736871,1.50777,2.59749
entering,2,0.526412,0.452857,0.358829,0.687124,1.28405,2.21209
entering,3,0.375903,0.33871,0.238258,0.499903,1.00682,1.73449
entering,4,0.234644,0.218,0.165167,0.336033,0.608198,1.04777
entering,5,0.16843,0.151774,0.105226,0.194032,0.451123,0.77717
entering,6,0.747833,0.2575,0.0982667,2.25243,1.93838,3.33934
entering,7,3.93828,2.89484,1.05913,8.79677,10.5483,18.172
entering,8,5.69146,3.70065,1.1211,13.6398,15.244,26.2615
entering,9,5.85482,3.58017,1.81423,14.9804,15.1757,26.1438
entering,10,2.1458,2.14226,1.0951,3.51132,5.7473,9.90112
entering,11,1.0125,0.998333,0.6584,1.38167,2.6244,4.52117
entering,12,0.713452,0.689194,0.468,0.928452,1.91091,3.29201
khajuria,1,0.595828,0.588548,0.44771,0.785613,1.59587,2.6091
khajuria,2,0.557018,0.479107,0.377793,0.723507,1.35867,2.22131
khajuria,3,0.396978,0.35871,0.253065,0.531032,1.06327,1.73835
khajuria,4,0.248178,0.230167,0.1739,0.357233,0.643277,1.0517
khajuria,5,0.178151,0.160161,0.111419,0.206548,0.477158,0.780113
khajuria,6,0.787956,0.2725,0.104,2.36463,2.04238,3.33912
khajuria,7,4.14151,3.05597,1.09632,9.20642,11.0926,18.1355
khajuria,8,5.9894,3.85597,1.1731,14.5007,16.042,26.2273
khajuria,9,6.16831,3.77817,1.9058,15.8759,15.9883,26.1394
khajuria,10,2.26392,2.26339,1.15432,3.69297,6.0637,9.91362
khajuria,11,1.07072,1.05983,0.6955,1.4677,2.77531,4.53739
khajuria,12,0.755237,0.73,0.493161,0.986355,2.02283,3.30714
below,1,0.840054,0.843065,0.577097,1.17774,2.25,2.74799
below,2,0.792534,0.708393,0.491916,1.02853,1.93277,2.36055
below,3,0.558462,0.510484,0.353032,0.790645,1.49579,1.82685
below,4,0.353289,0.3525,0.230333,0.540633,0.915725,1.1184
below,5,0.252849,0.221774,0.161161,0.294581,0.677232,0.827124
below,6,1.06404,0.390667,0.149333,2.92453,2.758,3.36843
below,7,5.39171,4.40242,1.32242,11.3265,14.4412,17.6374
below,8,7.89112,5.17016,1.499,19.1678,21.1356,25.8135
below,9,8.26957,5.02867,2.59213,22.8094,21.4347,26.1789
below,10,3.06166,2.97629,1.48432,4.61913,8.20034,10.0153
below,11,1.47217,1.441,0.9021,2.0994,3.81586,4.66042
below,12,1.05317,1.03581,0.655097,1.42419,2.82082,3.44515
mouth,1,1.23075,1.22177,0.732419,1.81016,3.29645,2.90538
mouth,2,1.17314,1.10321,0.624786,1.48651,2.86053,2.52117
mouth,3,0.819581,0.740806,0.479548,1.20174,2.19516,1.93474
mouth,4,0.524633,0.537667,0.3169,0.733133,1.35985,1.19852
mouth,5,0.374409,0.341935,0.220194,0.45071,1.00282,0.883847
mouth,6,1.49834,0.511,0.2236,3.93687,3.88371,3.42297
mouth,7,7.19827,5.42613,1.63371,14.292,19.2798,16.9926
mouth,8,10.7972,6.62758,1.68287,25.0889,28.9191,25.4883
mouth,9,11.4537,6.8875,3.44237,28.5803,29.688,26.166
mouth,10,4.27861,3.94839,1.83835,6.33742,11.4598,10.1003
mouth,11,2.09544,2.043,1.1292,3.22747,5.43139,4.78704
mouth,12,1.52466,1.54968,0.866935,2.24084,4.08364,3.59918
ramganga,1,73.4535,69.2713,52.4745,93.5833,196.738,1.72363
ramganga,2,78.4078,66.8061,48.7441,123.043,191.416,1.677
ramganga,3,64.9361,51.4319,38.9018,116.01,173.925,1.52376
ramganga,4,49.1662,44.3362,27.1403,78.1027,127.439,1.1165
ramganga,5,57.2866,55.8406,30.0398,79.9414,153.436,1.34426
ramganga,6,249.929,197.337,77.8809,383.213,647.816,5.67554
ramganga,7,901.315,833.442,399.538,1373.51,2414.08,21.1499
ramganga,8,1369.38,1241.43,617.011,2282.9,3667.76,32.1333
ramganga,9,965.665,760.016,379.496,1519.34,2503,21.9289
ramganga,10,317.765,244.113,125.727,528.492,851.102,7.45654
ramganga,11,110.27,112.612,67.6515,153.32,285.819,2.50407
ramganga,12,75.2838,74.5808,52.1205,103.388,201.64,1.76658
