decade,years,rain_mm,et0_mm,above_volume_mcm,entering_volume_mcm,khajuria_volume_mcm,below_volume_mcm,mouth_volume_mcm,ramganga_volume_mcm,mouth_runoff_mm,mouth_runoff_pct_of_rain,mouth_pre_monsoon_m3s,mouth_monsoon_m3s,mouth_low_7day_m3s
1942-49,8,1130.68,1751.16,54.7704,61.6477,64.9061,85.8403,117.254,13912.1,315.623,27.9145,0.352622,7.62722,0.0983929
1950-59,10,1453.28,1627.31,87.0998,98.5314,104.008,144.482,209.376,18080.7,563.596,38.781,0.715946,10.49,0.190571
1960-69,10,1313.32,1741.6,77.7112,88.2724,93.3937,132.077,194.544,15899.5,523.671,39.8739,0.473196,13.3399,0.159286
1970-79,10,1212.3,1673.33,66.879,75.5942,79.7158,107.157,149.202,13728.6,401.62,33.1287,0.468728,11.0334,0.19
1980-89,10,1045.67,1723.38,40.1495,45.2918,47.8924,67.9706,100.344,10054.5,270.104,25.8306,0.354609,6.79966,0.125
1990-99,10,1124.09,1639.44,54.8821,61.7243,64.9602,85.6162,116.512,12080.2,313.625,27.9002,0.500652,8.02946,0.183286
2000-09,10,1018.44,1610.47,47.8627,54.0036,56.8975,75.425,103.22,10867.9,277.847,27.2815,0.495283,6.98016,0.216143
2010-19,10,1071.85,1595.02,56.8763,64.313,67.8662,92.6725,131.382,12235.8,353.654,32.9947,0.614815,9.19042,0.260286
2020-25,6,1082.67,1501.77,51.3838,57.9283,61.1551,85.6397,124.813,11812.2,335.97,31.0315,1.02583,7.0828,0.422857
