segment,period,years,n_years,mean_mcm,dep50_mcm,dep75_mcm,dep90_mcm,lowest_mcm,lowest_year,highest_mcm,highest_year
above,calendar year (Jan-Dec),1991-2020,30,51.4757,43.6203,29.3235,22.9938,14.3277,2014,115.017,2010
above,calendar year (Jan-Dec),1942-2025,84,60.2508,55.7271,36.9163,22.6848,4.43146,1987,156.033,1958
above,water year (Jun-May),1991-2020,30,51.5078,43.9219,31.3837,23.7675,14.1428,2014,116.31,2010
above,water year (Jun-May),1942-2025,84,60.2999,56.363,35.2447,21.946,2.84688,1987,157.086,1958
above,winter (Jan-Feb),1991-2020,30,2.44619,2.26238,1.90015,1.82589,1.73232,2016,5.29114,2013
above,winter (Jan-Feb),1942-2025,84,2.40032,2.12371,1.74377,1.01477,0.059616,1988,19.1367,1951
above,pre-monsoon (Mar-May),1991-2020,30,1.82264,1.68696,1.34503,1.19215,1.03421,1994,4.42627,2020
above,pre-monsoon (Mar-May),1942-2025,84,1.65759,1.404,1.03939,0.714528,0.06048,1988,7.63776,1951
above,monsoon (Jun-Sep),1991-2020,30,38.203,29.5449,19.038,13.1323,7.50816,2014,97.022,2010
above,monsoon (Jun-Sep),1942-2025,84,43.007,34.6931,23.9118,14.0694,2.39155,1987,121.425,1964
above,post-monsoon (Oct-Dec),1991-2020,30,9.00389,9.05213,6.31476,4.21917,1.91117,2014,18.8525,1999
above,post-monsoon (Oct-Dec),1942-2025,84,13.186,10.0375,6.45818,3.95539,0.335232,1987,74.1666,1950
entering,calendar year (Jan-Dec),1991-2020,30,58.0469,49.3677,32.892,25.8709,16.0445,2014,129.443,2010
entering,calendar year (Jan-Dec),1942-2025,84,68.0721,62.872,41.9148,25.4539,4.88246,1987,176.636,1958
entering,water year (Jun-May),1991-2020,30,58.0805,49.5677,35.1985,26.6268,15.6358,2014,130.999,2010
entering,water year (Jun-May),1942-2025,84,68.1294,63.5727,39.1504,24.7441,3.14928,1987,177.849,1958
entering,winter (Jan-Feb),1991-2020,30,2.79181,2.59157,2.17966,2.06513,1.99152,2016,6.03763,2013
entering,winter (Jan-Feb),1942-2025,84,2.74096,2.40019,2.00318,1.15301,0.062208,1988,21.7028,1951
entering,pre-monsoon (Mar-May),1991-2020,30,2.06614,1.89,1.52712,1.35588,1.19059,1994,4.93171,2020
entering,pre-monsoon (Mar-May),1942-2025,84,1.87621,1.6092,1.19167,0.82296,0.0648,1988,8.73418,1951
entering,monsoon (Jun-Sep),1991-2020,30,42.9064,33.2338,21.2306,14.5392,8.25206,2014,108.738,2010
entering,monsoon (Jun-Sep),1942-2025,84,48.3511,39.2113,26.7544,15.4073,2.6663,1987,139.374,1964
entering,post-monsoon (Oct-Dec),1991-2020,30,10.2826,10.3512,7.17077,4.75667,2.14358,2014,21.2293,1999
entering,post-monsoon (Oct-Dec),1942-2025,84,15.1039,11.5966,7.32845,4.5252,0.355968,1987,84.5675,1950
below,calendar year (Jan-Dec),1991-2020,30,81.878,66.8926,48.552,37.1217,23.341,2014,183.15,2010
below,calendar year (Jan-Dec),1942-2025,84,98.2686,88.8369,59.1222,36.596,7.57642,1987,256.079,1958
below,water year (Jun-May),1991-2020,30,81.895,67.6659,49.4353,35.7434,21.4445,2014,186.914,2010
below,water year (Jun-May),1942-2025,84,98.3687,86.8035,58.3479,35.2482,5.06045,1987,257.888,1958
below,winter (Jan-Feb),1991-2020,30,4.18277,3.99211,3.11947,2.79366,2.60496,2010,9.51264,2013
below,winter (Jan-Feb),1942-2025,84,4.17241,3.5424,2.93155,1.76386,0.114912,1988,31.4556,1951
below,pre-monsoon (Mar-May),1991-2020,30,3.08874,2.86373,2.19845,1.98539,1.82736,1995,7.24118,2020
below,pre-monsoon (Mar-May),1942-2025,84,2.85217,2.39242,1.87855,1.29686,0.109728,1988,13.2805,1951
below,monsoon (Jun-Sep),1991-2020,30,59.7694,44.2601,31.4282,19.0925,11.1076,2014,150.898,2010
below,monsoon (Jun-Sep),1942-2025,84,68.5183,54.0877,36.3921,22.788,4.38221,1987,205.655,1964
below,post-monsoon (Oct-Dec),1991-2020,30,14.837,14.3014,9.60228,6.56234,2.85811,2014,31.809,2003
below,post-monsoon (Oct-Dec),1942-2025,84,22.7257,17.4554,9.68587,6.54955,0.4536,1987,124.096,1950
mouth,calendar year (Jan-Dec),1991-2020,30,113.46,87.6735,66.3146,51.4481,33.6813,2014,257.64,2003
mouth,calendar year (Jan-Dec),1942-2025,84,139.675,117.749,83.7255,52.0439,11.4869,1987,366.929,1958
mouth,water year (Jun-May),1991-2020,30,113.439,89.8227,66.3215,45.8615,29.2248,2014,264.381,2010
mouth,water year (Jun-May),1942-2025,84,139.842,120.387,81.5467,48.1905,7.73971,1987,369.516,1958
mouth,winter (Jan-Feb),1991-2020,30,6.15698,5.91322,4.26535,3.51216,3.13891,2010,14.6405,2013
mouth,winter (Jan-Feb),1942-2025,84,6.24331,5.43931,3.98671,2.69006,0.184032,1988,45.0256,1951
mouth,pre-monsoon (Mar-May),1991-2020,30,4.55783,4.32605,2.9011,2.65308,2.45722,2010,10.673,2020
mouth,pre-monsoon (Mar-May),1942-2025,84,4.27799,3.68453,2.78705,1.92283,0.11664,1942,19.8366,1951
mouth,monsoon (Jun-Sep),1991-2020,30,81.7706,56.6706,44.6595,25.5868,14.8452,2014,213.608,1996
mouth,monsoon (Jun-Sep),1942-2025,84,95.6382,75.9655,49.3186,33.0553,6.77549,1987,296.277,1964
mouth,post-monsoon (Oct-Dec),1991-2020,30,20.9749,20.6833,11.7971,8.91242,3.73594,2014,49.566,2003
mouth,post-monsoon (Oct-Dec),1942-2025,84,33.5155,25.3299,13.2019,9.12816,0.581472,1987,179.663,1950
ramganga,calendar year (Jan-Dec),1991-2020,30,11414.2,11235.8,8556.81,7130.02,6363.29,2014,20906.4,2010
ramganga,calendar year (Jan-Dec),1942-2025,84,13233.8,12954.5,9296.9,7319.01,3426.15,1987,22541.7,1958
ramganga,water year (Jun-May),1991-2020,30,11439.4,11323.9,8677.57,7013.76,6617.25,2004,21144.1,2010
ramganga,water year (Jun-May),1942-2025,84,13240.1,12748.5,9397.41,7144.32,3260.2,1987,22799.4,1950
ramganga,winter (Jan-Feb),1991-2020,30,388.154,346.971,314.119,279.826,210.603,2016,732.005,2020
ramganga,winter (Jan-Feb),1942-2025,84,401.119,333.155,281.347,209.448,90.3718,1988,2354.89,1951
ramganga,pre-monsoon (Mar-May),1991-2020,30,454.8,399.524,360.955,297.291,230.856,2010,946.329,2020
ramganga,pre-monsoon (Mar-May),1942-2025,84,464.84,390.817,319.911,213.876,123.704,1947,1600.83,1952
ramganga,monsoon (Jun-Sep),1991-2020,30,9232.66,8065.72,6231.75,4923.78,4734.76,2004,18447.5,2010
ramganga,monsoon (Jun-Sep),1942-2025,84,10557.9,10190.2,7025.87,5655.57,2462.81,1987,19100,1971
ramganga,post-monsoon (Oct-Dec),1991-2020,30,1338.56,1146.65,847.581,627.93,603.355,2001,4142.44,2009
ramganga,post-monsoon (Oct-Dec),1942-2025,84,1809.97,1393.34,833.874,662.984,281.539,1987,9088.93,1950
