years,pct_of_days,above_m3s,entering_m3s,khajuria_m3s,below_m3s,mouth_m3s,ramganga_m3s
1991-2020,1,20.5186,23.7107,30.4195,32.2231,45.8731,3519.01
1991-2020,2,12.7162,14.3658,18.3286,20.8658,30.6048,2551.17
1991-2020,5,6.2415,7.1,8.99,10.3945,14.646,1578.65
1991-2020,10,3.33,3.76,4.72,5.233,7.183,953.014
1991-2020,20,1.49,1.69,2.12,2.4,3.39,502.49
1991-2020,25,1.14,1.3,1.65,1.87,2.6,362.418
1991-2020,30,0.9,1.03,1.31,1.48,2.08,256.405
1991-2020,40,0.62,0.71,0.92,1.05,1.51,141.53
1991-2020,50,0.47,0.54,0.69,0.8,1.13,95.155
1991-2020,60,0.35,0.4,0.51,0.58,0.83,72.434
1991-2020,70,0.26,0.29,0.37,0.43,0.6,57.323
1991-2020,75,0.21,0.24,0.31,0.36,0.51,51.0225
1991-2020,80,0.18,0.2,0.26,0.3,0.43,45.17
1991-2020,90,0.12,0.13,0.17,0.2,0.3,33.187
1991-2020,95,0.09,0.1,0.13,0.16,0.23,24.8665
1991-2020,98,0.07,0.08,0.11,0.12,0.18,18.6942
1991-2020,99,0.06,0.07,0.09,0.1,0.15,15.9842
1942-2025,1,23.224,25.986,32.622,36.904,52.716,4172.42
1942-2025,2,14.234,16.072,20.688,23.604,34.256,3031.86
1942-2025,5,7.79,8.79,11.31,12.99,18.54,1859.68
1942-2025,10,4.32,4.92,6.34,7.24,10.4,1154.34
1942-2025,20,1.88,2.12,2.73,3.15,4.47,578.76
1942-2025,25,1.34,1.52,1.96,2.26,3.25,416.11
1942-2025,30,1.01,1.14,1.47,1.7,2.46,284.42
1942-2025,40,0.64,0.74,0.96,1.12,1.64,150.42
1942-2025,50,0.45,0.51,0.67,0.78,1.14,98.75
1942-2025,60,0.31,0.36,0.47,0.54,0.79,72.23
1942-2025,70,0.21,0.25,0.32,0.37,0.55,54.79
1942-2025,75,0.17,0.2,0.26,0.3,0.45,47.44
1942-2025,80,0.14,0.16,0.21,0.25,0.37,40.77
1942-2025,90,0.08,0.09,0.12,0.15,0.22,26.89
1942-2025,95,0.05,0.06,0.08,0.1,0.15,19.13
1942-2025,98,0.03,0.03,0.04,0.05,0.07,12.96
1942-2025,99,0.02,0.02,0.02,0.03,0.03,9.488
