year,days,note,rain_north_mm,rain_middle_mm,rain_south_mm,rain_mm,et0_mm,monsoon_rain_mm,mouth_runoff_mm,mouth_runoff_pct_of_rain,direct_runoff_cn1979_mm,direct_runoff_cn1990_mm,direct_runoff_cn2009_mm,extra_runoff_mm,extra_runoff_mcm
1940,365,"warm-up year, left out of statistics",1000.7,861.5,751.5,809.42,1775.98,585.08,53.6959,6.63388,19.5201,21.5075,25.4609,5.9408,2.20701
1941,365,"warm-up year, left out of statistics",813,828,643.9,716.04,1844.53,635.92,41.672,5.81979,17.5995,19.3649,22.8548,5.2553,1.95234
1942,365,,1769,1303.8,1161.4,1264.88,1752.88,1124.26,351.331,27.7758,150.008,159.583,177.774,27.7661,10.3151
1943,365,,1880.2,1439.4,1216.7,1349.86,1652.6,1232.31,561.384,41.5883,187.96,198.958,219.443,31.4828,11.6959
1944,366,,1297.5,1055.2,907.6,990.87,1860.65,847.78,232.489,23.4631,115.664,122.959,136.514,20.8496,7.74564
1945,365,,1460.9,1109.3,898.5,1017.98,1859.86,912.85,246.125,24.1778,63.1951,68.733,79.329,16.1339,5.99376
1946,365,,907.5,843.5,768.4,804.84,1844.9,722.83,144.55,17.96,72.4802,77.3093,86.4055,13.9253,5.17325
1947,365,,1668.2,1233.3,978.2,1123.73,1793.41,1053.5,325.25,28.9438,108.151,116.836,133.322,25.172,9.35138
1948,366,,1493.3,1125.1,1029.1,1104.32,1760.19,1004.64,316.287,28.6409,124.83,132.809,147.695,22.8644,8.49414
1949,365,,1831.3,1480,1269.7,1388.95,1484.83,947.05,347.568,25.0238,66.9119,73.1439,85.2961,18.3842,6.82972
1950,365,,2461.9,1865.2,1597.5,1764.25,1565.5,841.11,644.446,36.5281,221.78,234.926,259.436,37.656,13.9892
1951,365,,1393.1,1077.8,977.7,1049.27,1592.54,585.83,304.672,29.0366,55.7827,61.0523,71.1316,15.349,5.70215
1952,366,,1850.8,1433.9,1261.7,1372.27,1381.14,899.97,379.253,27.6369,109.244,117.333,132.586,23.3416,8.67142
1953,365,,2133.9,1607.8,1556.5,1629.63,1382.05,1280.88,591.083,36.271,206.993,219.771,243.577,36.5839,13.5909
1954,365,,1887,1498.8,1370.3,1460.52,1701.28,1163.59,463.706,31.7494,219.22,232.553,257.351,38.1302,14.1654
1955,365,,1742.4,1316.9,1284.6,1340.07,1729.75,1063.59,475.672,35.4961,173.203,183.703,203.326,30.1222,11.1904
1956,366,,2007.2,1409.6,1339.7,1427.42,1707.48,1025,615.103,43.0919,269.387,281.64,304.163,34.7758,12.9192
1957,365,,1686.2,1319.1,1352.9,1376.09,1772.94,1267.37,640.365,46.5351,284.66,297.625,321.48,36.8206,13.6788
1958,365,,2616.9,1844.1,1527.4,1731.36,1737.51,1496.56,987.695,57.0474,448.239,467.654,503.029,54.7901,20.3545
1959,365,,2039.9,1546.8,1189.8,1381.91,1702.94,920.6,533.961,38.6394,283.412,296.073,319.347,35.9355,13.35
1960,366,,1946.5,1448.2,1332.7,1428.73,1772.21,1114.16,616.903,43.1784,263.609,277.58,303.195,39.5858,14.7061
1961,365,,2021.4,1676.5,1502.9,1606.83,1595.33,1052.53,671.513,41.7912,290.722,303.267,326.33,35.6087,13.2286
1962,365,,1946,1418.3,1323.4,1414.13,1661.66,1287.43,648.937,45.8895,262.416,273.969,295.241,32.8254,12.1946
1963,365,,1615.7,1261.5,1139.5,1223.72,1689.75,1149.76,507.141,41.4426,154.142,166.088,188.543,34.4012,12.7801
1964,366,,1999.2,1879.8,1525.9,1679.4,1829.6,1599.17,922.236,54.9146,533.673,549.297,577.332,43.6597,16.2196
1965,365,,996.2,810.1,763.7,800.87,1891.31,655.51,136.789,17.08,121.445,127.863,139.6,18.1551,6.7446
1966,365,,1410.1,1035.5,950.2,1021.78,1890.34,931.78,252.586,24.7202,195.644,204.264,220.012,24.3673,9.05244
1967,365,,1921.3,1544.9,1407.3,1499.98,1725.98,1256.99,590.925,39.3955,220.494,233.985,259.218,38.7243,14.3861
1968,366,,1408.8,1218,1072.6,1149.84,1643.05,999.51,308.412,26.8222,194.895,203.341,218.813,23.9188,8.88584
1969,365,,1737.9,1375.2,1202.6,1307.91,1716.79,1205.6,581.273,44.4429,285.592,296.56,316.519,30.9274,11.4895
1970,365,,1332.1,1085.6,957.8,1033.57,1610.4,868.56,175.326,16.9631,24.5313,28.1856,35.5373,11.006,4.08872
1971,365,,2227.2,1667.4,1439.9,1586.88,1451.39,1242.38,631.385,39.7878,165.542,178.851,203.824,38.2822,14.2218
1972,366,,1365.1,1084.7,943.1,1027.78,1828.36,900.54,241.846,23.5309,216.633,224.278,238.172,21.5388,8.00167
1973,365,,2246.6,1810.5,1389.2,1601.33,1597.12,1336.25,652.126,40.724,235.565,249.582,275.681,40.1154,14.9029
1974,365,,1217.3,946.5,850,915.68,1800.26,818.82,229.591,25.0733,143.388,150.684,164.031,20.6429,7.66884
1975,365,,1962.2,1564.6,1427,1521.8,1689.45,1366.06,634.93,41.7223,341.536,354.675,378.46,36.924,13.7173
1976,366,,1797,1412.8,1223.8,1337.82,1728.11,1278.35,560.644,41.9073,252.982,266.635,291.653,38.671,14.3663
1977,365,,1391.2,1085.8,935.2,1025.98,1645.89,882.96,242.741,23.6594,103.806,109.952,121.407,17.6005,6.5386
1978,365,,1810.3,1502.1,1220,1363.66,1612.36,1179.42,560.025,41.0678,249.821,261.32,282.39,32.5687,12.0993
1979,365,,1094.6,811.7,592.6,708.53,1769.99,475.16,87.5908,12.3623,43.0823,46.3128,52.4236,9.34133,3.4703
1980,366,,1166.2,1095.1,1052,1076.35,1733.62,974.84,229.538,21.3256,148.686,157.745,174.578,25.8924,9.61903
1981,365,,1004.4,1006.5,978.5,989.49,1669.16,815.49,264.679,26.7491,128.29,136.342,151.501,23.2115,8.62307
1982,365,,1361.6,1066.7,954.3,1028.75,1648.04,810.83,193.343,18.794,105.142,111.281,122.788,17.6456,6.55534
1983,365,,1705.9,1422.9,1453.6,1469.62,1606.34,1226.79,513.088,34.913,286.941,298.469,319.585,32.6437,12.1271
1984,366,,1167.9,1065.8,903.2,978.45,1757.94,867.26,228.824,23.3864,76.9897,82.6973,93.5505,16.5608,6.15233
1985,365,,1681.6,1478.2,1359.7,1427.44,1785.18,1156.18,640.021,44.8369,338.385,350.633,373.112,34.7274,12.9012
1986,365,,1228.5,903.8,843.6,900.15,1694.6,720.85,131.595,14.6193,77.3494,80.8066,87.4161,10.0667,3.73979
1987,365,,649.1,560,455.8,506.39,1852.38,376.32,30.9203,6.10602,6.75662,7.86331,10.1491,3.39246,1.2603
1988,366,,1701.5,1272.4,1090.4,1206.11,1729,1116.89,345.333,28.6319,190.473,201.175,220.958,30.4851,11.3252
1989,365,,1155.4,875.8,826.2,874,1757.56,743.84,123.702,14.1535,67.0985,72.1558,81.6801,14.5816,5.41706
1990,365,,1862.6,1542.3,1261.5,1405.85,1606.66,1177.92,431.012,30.6584,225.88,234.321,249.792,23.9112,8.88301
1991,365,,1225.3,1063.2,865.3,960.67,1724.17,766.51,165.276,17.2043,59.1955,64.2678,73.9553,14.7598,5.48327
1992,366,,1335.4,1062.4,837.8,954.94,1709.41,771.48,217.533,22.7797,136.701,142.602,153.449,16.7478,6.22181
1993,365,,1706.5,1228.6,916.1,1088.89,1650.03,931.88,322.101,29.5807,172.035,179.902,194.588,22.5527,8.37831
1994,365,,1530.4,1009.7,807.3,940.33,1728.7,820.02,194.106,20.6423,91.5613,98.3508,111.228,19.6663,7.30602
1995,365,,1405.8,967.5,866.4,950.67,1703.28,802.87,182.914,19.2406,92.1216,97.5277,107.69,15.5687,5.78376
1996,366,,1894.7,1552.9,1372.3,1478.72,1602.8,1287.84,670.931,45.3724,263.892,276.42,299.506,35.6143,13.2307
1997,365,,1291.8,1105.9,1028.4,1077.99,1549.75,789.25,198.673,18.43,70.5923,75.5875,85.1485,14.5561,5.40761
1998,365,,1924.4,1472.1,1185.2,1345.19,1460.27,1016.48,481.71,35.8098,166.302,176.265,194.987,28.6852,10.6565
1999,365,,1337.8,1098,957.5,1037.68,1659.33,837.88,271.989,26.2113,86.8368,91.6029,100.696,13.8589,5.14859
2000,366,,1169.6,1030,829.8,923.84,1553.93,796.19,228.382,24.721,33.0322,36.8457,44.1765,11.1443,4.14011
2001,365,,1065.5,873.3,683.6,778.7,1591.19,633.18,122.711,15.7585,29.6151,31.8937,36.331,6.7159,2.49496
2002,365,,1351.3,1211.1,1023.3,1112.44,1588.28,842.44,260.005,23.3725,144.952,152.914,167.864,22.9119,8.51178
2003,365,,1999.8,1468.2,1332,1439.64,1533.42,1284.79,693.514,48.1727,225.967,237.503,258.816,32.849,12.2034
2004,366,,1093.2,913,853.7,895.44,1643.86,711.37,159.73,17.8381,38.5778,43.0762,51.7267,13.1489,4.8848
2005,365,,1368.8,1099.4,856.2,980.42,1703.81,857.27,224.368,22.8849,142.975,148.867,159.789,16.8147,6.24667
2006,365,,1069.3,872.7,699.4,788.38,1640.92,700.68,147.285,18.6819,61.7164,66.6663,75.9417,14.2253,5.2847
2007,365,,1338,1057.8,918.8,1002.42,1587.99,780.1,138.087,13.7753,74.2269,79.3916,89.0773,14.8504,5.51691
2008,366,,1844.7,1370.6,1129.6,1273.41,1501.84,1171.86,539.962,42.4028,153.402,163.846,183.385,29.9838,11.139
2009,365,,1179.8,1063.3,921.3,989.75,1759.44,776.65,264.428,26.7167,141.015,148.213,161.475,20.4596,7.60075
2010,365,,2259,1486.9,1314.7,1460.79,1614.63,1318.07,691.267,47.3215,264.103,278.041,304,39.8971,14.8218
2011,365,,1304.9,1181.9,1118.1,1155.92,1552.31,1093.16,516.018,44.6414,172.437,183.424,203.683,31.2455,11.6077
2012,366,,1086.1,980.5,831.4,901.6,1767.41,837.77,289.537,32.1136,124.078,130.372,142.103,18.0245,6.6961
2013,365,,1914.6,1484.7,1212.3,1364.25,1515.81,1112.97,520.521,38.1544,140.962,149.219,164.814,23.8518,8.86095
2014,365,,1022.8,784.9,690.4,751.99,1673.8,517.36,90.663,12.0564,38.2319,41.5656,48.0538,9.82187,3.64882
2015,365,,1442.4,1054.4,996.8,1058.64,1538.14,776.35,230.554,21.7783,148.21,156.419,171.799,23.5891,8.76335
2016,366,,1377.1,1173,1011.4,1096.45,1566.4,955.67,368.115,33.5734,127.815,134.816,147.765,19.9498,7.41135
2017,365,,1276.4,974.3,833.5,920.03,1579.31,820.85,241.443,26.243,88.4721,94.1068,104.592,16.12,5.98859
2018,365,,1301.5,1096.4,874.2,983.59,1567.82,920.37,369.104,37.5262,86.3783,92.9859,105.511,19.1332,7.10798
2019,365,,1298.8,1018.6,983,1025.26,1574.61,795.55,219.316,21.3913,46.9652,51.5886,60.5878,13.6225,5.06077
2020,366,,1100,886.8,810.6,862.4,1465.61,572.15,142.096,16.4768,30.1326,32.7814,37.8646,7.73196,2.87242
2021,365,,1324,1124.9,1076.4,1115.71,1491.35,831.05,282.266,25.2993,102.198,109.433,123.074,20.8757,7.75532
2022,365,,1660,1235.8,986.5,1128.64,1531.99,715.76,317.624,28.1422,149.834,157.331,171.244,21.4108,7.95411
2023,365,,1314.9,1029.2,1045,1067.25,1494.98,853.71,313.268,29.3528,87.2529,92.9679,103.863,16.6096,6.17046
2024,366,,1469.5,1110.5,1083.1,1129.96,1558.15,1023.65,448.152,39.6609,137.884,146.437,162.314,24.4297,9.07562
2025,365,,1496.8,1231.1,1121.8,1192.09,1468.56,1047.38,512.416,42.9847,191.485,200.09,215.938,24.4521,9.08396
2026,266,part year (to 24 Sep 2026),1188.8,998.2,903.7,960.56,1194.74,830.44,218.609,,64.3443,68.2302,75.6018,11.2575,4.18218
