reach,date,period,width_m,reach_km,area_ha,reliable,water_signature,mouth_flow_m3s,scene
upper,2018-05-07,dry months,1.81,30.09,5.45,False,borrowed from another date,0.48,S2B_MSIL2A_20180507T051649_R062_T44RLS_20201012T070057
upper,2018-10-19,after monsoon,5.05,30.09,15.2,True,same day,4.64,S2A_MSIL2A_20181019T051821_R062_T44RLS_20201009T130324
upper,2020-05-21,dry months,2.47,30.09,7.43,True,same day,0.69,S2A_MSIL2A_20200521T051701_R062_T44RLS_20200910T101038
upper,2020-10-18,after monsoon,1.94,30.09,5.84,True,same day,1.34,S2A_MSIL2A_20201018T051831_R062_T44RLS_20201020T012016
upper,2022-05-06,dry months,1.78,30.09,5.36,False,"same day, mixed with land",1.04,S2B_MSIL2A_20220506T051649_R062_T44RLS_20220507T082241
upper,2022-10-28,after monsoon,4.97,30.09,14.95,True,same day,6.05,S2A_MSIL2A_20221028T051931_R062_T44RLS_20240801T073449
upper,2022-11-27,after monsoon,2.79,30.09,8.4,True,same day,2.82,S2A_MSIL2A_20221127T052151_R062_T44RLS_20221129T090504
upper,2024-04-20,dry months,-0.15,30.09,0,False,"same day, mixed with land",0.67,S2A_MSIL2A_20240420T051651_R062_T44RLS_20240420T112038
upper,2024-05-20,dry months,0.53,30.09,1.59,False,"same day, mixed with land",0.47,S2A_MSIL2A_20240520T051651_R062_T44RLS_20240520T111413
upper,2024-10-22,after monsoon,3.82,30.09,11.49,True,same day,7.4,S2B_MSIL2A_20241022T051759_R062_T44RLS_20241022T074536
upper,2025-05-15,dry months,2.11,30.09,6.35,False,borrowed from another date,0.58,S2C_MSIL2A_20250515T051711_R062_T44RLS_20250515T091614
upper,2025-11-16,after monsoon,1.15,30.09,3.46,True,same day,3.02,S2B_MSIL2A_20251116T052009_R062_T44RLS_20251116T073129
urban,2018-05-02,dry months,0.04,14.46,0.06,False,borrowed from another date,0.53,S2A_MSIL2A_20180502T051651_R062_T44RLS_20201012T045231
urban,2018-10-19,after monsoon,10.59,14.46,15.31,True,same day,4.64,S2A_MSIL2A_20181019T051821_R062_T44RLS_20201009T130324
urban,2020-05-21,dry months,2.71,14.46,3.92,True,same day,0.69,S2A_MSIL2A_20200521T051701_R062_T44RLS_20200910T101038
urban,2020-10-18,after monsoon,5.72,14.46,8.27,True,same day,1.34,S2A_MSIL2A_20201018T051831_R062_T44RLS_20201020T012016
urban,2022-05-06,dry months,4.04,14.46,5.84,False,"same day, mixed with land",1.04,S2B_MSIL2A_20220506T051649_R062_T44RLS_20220507T082241
urban,2022-10-23,after monsoon,21.11,14.46,30.53,True,same day,7.46,S2B_MSIL2A_20221023T051849_R062_T44RLS_20221023T232751
urban,2024-05-20,dry months,0.9,14.46,1.3,False,"same day, mixed with land",0.47,S2A_MSIL2A_20240520T051651_R062_T44RLS_20240520T111413
urban,2024-06-09,dry months,2.04,14.46,2.95,False,"same day, mixed with land",0.37,S2A_MSIL2A_20240609T051701_R062_T44RLS_20240609T111810
urban,2024-10-22,after monsoon,8.26,14.46,11.94,True,same day,7.4,S2B_MSIL2A_20241022T051759_R062_T44RLS_20241022T074536
urban,2025-05-15,dry months,5.09,14.46,7.36,False,borrowed from another date,0.58,S2C_MSIL2A_20250515T051711_R062_T44RLS_20250515T091614
lower,2018-05-02,dry months,6.85,14.62,10.01,False,borrowed from another date,0.53,S2A_MSIL2A_20180502T051651_R062_T44RLS_20201012T045231
lower,2018-10-19,after monsoon,6.66,14.62,9.74,True,same day,4.64,S2A_MSIL2A_20181019T051821_R062_T44RLS_20201009T130324
lower,2020-05-16,dry months,8.13,14.62,11.89,False,borrowed from another date,0.74,S2B_MSIL2A_20200516T051649_R062_T44RLS_20200909T221111
lower,2020-10-18,after monsoon,7.68,14.62,11.23,True,same day,1.34,S2A_MSIL2A_20201018T051831_R062_T44RLS_20201020T012016
lower,2022-05-06,dry months,8.36,14.62,12.22,False,"same day, mixed with land",1.04,S2B_MSIL2A_20220506T051649_R062_T44RLS_20220507T082241
lower,2022-10-23,after monsoon,10.44,14.62,15.26,True,same day,7.46,S2B_MSIL2A_20221023T051849_R062_T44RLS_20221023T232751
lower,2024-05-20,dry months,6.29,14.62,9.2,False,"same day, mixed with land",0.47,S2A_MSIL2A_20240520T051651_R062_T44RLS_20240520T111413
lower,2024-10-22,after monsoon,8.13,14.62,11.89,True,same day,7.4,S2B_MSIL2A_20241022T051759_R062_T44RLS_20241022T074536
lower,2025-02-24,dry months,10.91,14.62,15.95,True,same day,1.48,S2C_MSIL2A_20250224T051841_R062_T44RLS_20250224T103411
lower,2025-11-16,after monsoon,9.01,14.62,13.17,True,same day,3.02,S2B_MSIL2A_20251116T052009_R062_T44RLS_20251116T073129
