cn2,land_cover,cn1_dry,cn3_wet,direct_runoff_mm,pct_of_rain,volume_mcm,change_mm,change_pct,change_mcm
70,,49.4949,84.2932,84.1283,7.98676,31.2537,-30.9551,-26.8979,-11.4998
72,,51.9231,85.5372,93.9896,8.92294,34.9171,-21.0938,-18.3292,-7.83635
74,,54.4499,86.7482,105.043,9.97227,39.0234,-10.0407,-8.72469,-3.73011
75.63,"thesis, 1979 land cover",56.5865,87.7117,115.083,10.9255,42.7535,0,0,0
76.65,"thesis, 1990 land cover",57.9605,88.3042,121.902,11.5728,45.2866,6.81863,5.92494,2.53312
78.4,"thesis, 2009 land cover",60.3873,89.3027,134.687,12.7865,50.0361,19.6034,17.0341,7.28265
80,,62.6866,90.1961,147.757,14.0273,54.8916,32.6732,28.3909,12.1381
82,,65.6751,91.2875,166.311,15.7888,61.7845,51.2274,44.5133,19.031
85,,70.4142,92.8741,200.053,18.9921,74.3198,84.9698,73.8332,31.5663
90,,79.0795,95.3917,281.325,26.7077,104.512,166.242,144.453,61.7589
