year,season,months,days,complete,rain_mm,above_mean_m3s,above_volume_mcm,entering_mean_m3s,entering_volume_mcm,khajuria_mean_m3s,khajuria_volume_mcm,below_mean_m3s,below_volume_mcm,mouth_mean_m3s,mouth_volume_mcm,ramganga_mean_m3s,ramganga_volume_mcm
1940,winter,Jan-Feb,60,True,106.07,0.251333,1.30291,0.2885,1.49558,0.367333,1.90426,0.420833,2.1816,0.599167,3.10608,55.6583,288.533
1940,pre-monsoon,Mar-May,92,True,73.18,0.112174,0.891648,0.1275,1.01347,0.163804,1.30205,0.188696,1.4999,0.272935,2.1695,23.6213,187.761
1940,monsoon,Jun-Sep,122,True,585.08,0.621639,6.55258,0.688279,7.25501,0.847377,8.93203,0.941803,9.92736,1.24016,13.0723,511.627,5392.96
1940,post-monsoon,Oct-Dec,92,True,45.09,0.121848,0.968544,0.136848,1.08778,0.160435,1.27526,0.170217,1.35302,0.201304,1.60013,56.9497,452.682
1941,winter,Jan-Feb,59,True,23.14,0.0674576,0.343872,0.0754237,0.38448,0.0886441,0.451872,0.0945763,0.482112,0.113898,0.580608,25.3534,129.241
1941,pre-monsoon,Mar-May,92,True,29.54,0.0286957,0.228096,0.0320652,0.25488,0.0370652,0.294624,0.0382609,0.304128,0.0445652,0.35424,20.0026,158.997
1941,monsoon,Jun-Sep,122,True,635.92,0.694672,7.3224,0.772377,8.14147,0.956393,10.0812,1.05434,11.1136,1.33361,14.0573,468.746,4940.96
1941,post-monsoon,Oct-Dec,92,True,27.44,0.0440217,0.34992,0.0478261,0.38016,0.0571739,0.454464,0.0580435,0.461376,0.0615217,0.489024,89.1172,708.375
1942,winter,Jan-Feb,59,True,103.08,0.145932,0.743904,0.158136,0.806112,0.179492,0.914976,0.188814,0.962496,0.216441,1.10333,48.7747,248.634
1942,pre-monsoon,Mar-May,92,True,14.08,0.0119565,0.09504,0.0130435,0.10368,0.0138043,0.109728,0.0142391,0.113184,0.0146739,0.11664,16.7163,132.875
1942,monsoon,Jun-Sep,122,True,1124.26,4.47025,47.12,4.99721,52.6746,6.07705,64.057,6.6491,70.0868,8.67426,91.4337,1180.9,12447.7
1942,post-monsoon,Oct-Dec,92,True,23.46,1.69902,13.5052,1.96554,15.6237,2.61391,20.7775,3.10685,24.6957,4.7637,37.8657,182.796,1453.01
1943,winter,Jan-Feb,59,True,46.64,0.331525,1.68998,0.384576,1.96042,0.526102,2.68186,0.637627,3.25037,1.0261,5.23066,52.3275,266.744
1943,pre-monsoon,Mar-May,92,True,51.36,0.108478,0.862272,0.124674,0.991008,0.170652,1.35648,0.207717,1.6511,0.333804,2.65334,24.1453,191.926
1943,monsoon,Jun-Sep,122,True,1232.31,7.2791,76.7275,8.19246,86.3551,10.1444,106.93,11.2767,118.866,15.228,160.516,1810.59,19085
1943,post-monsoon,Oct-Dec,92,True,19.55,1.70152,13.5251,1.96609,15.628,2.65228,21.0825,3.19989,25.4353,5.05163,40.1544,235.705,1873.58
1944,winter,Jan-Feb,60,True,54.29,0.343,1.77811,0.394333,2.04422,0.536167,2.77949,0.650167,3.37046,1.04667,5.42592,65.417,339.122
1944,pre-monsoon,Mar-May,92,True,70.64,0.115978,0.921888,0.133152,1.0584,0.180761,1.43683,0.220217,1.75046,0.354457,2.8175,42.541,338.15
1944,monsoon,Jun-Sep,122,True,847.78,2.82246,29.751,3.15943,33.3029,3.95746,41.7148,4.45893,47.0007,6.1941,65.2908,863.218,9099.01
1944,post-monsoon,Oct-Dec,92,True,18.16,0.711739,5.65747,0.814457,6.47395,1.02652,8.15962,1.1612,9.23011,1.61478,12.8356,103.819,825.235
1945,winter,Jan-Feb,59,True,28.19,0.167627,0.854496,0.192034,0.978912,0.250847,1.27872,0.291864,1.48781,0.432542,2.20493,48.2602,246.011
1945,pre-monsoon,Mar-May,92,True,5.62,0.0527174,0.41904,0.0607609,0.482976,0.0805435,0.640224,0.0945652,0.75168,0.140978,1.12061,19.9727,158.759
1945,monsoon,Jun-Sep,122,True,912.85,2.21975,23.398,2.44885,25.8129,3.02926,31.9308,3.37385,35.5631,4.62623,48.7642,941.735,9926.64
1945,post-monsoon,Oct-Dec,92,True,71.32,2.84989,22.6532,3.22696,25.6504,3.83152,30.456,4.11196,32.6851,4.94989,39.3457,377.938,3004.15
1946,winter,Jan-Feb,59,True,18.28,0.30678,1.56384,0.353559,1.8023,0.457966,2.33453,0.529831,2.70086,0.772712,3.93898,43.3686,221.076
1946,pre-monsoon,Mar-May,92,True,22.86,0.0853261,0.67824,0.0981522,0.780192,0.128696,1.02298,0.150326,1.19491,0.223152,1.77379,29.9454,238.03
1946,monsoon,Jun-Sep,122,True,722.83,1.4059,14.8193,1.5877,16.7357,2.09025,22.0329,2.45074,25.8327,3.64402,38.4108,457,4817.15
1946,post-monsoon,Oct-Dec,92,True,40.87,0.503587,4.00291,0.582717,4.6319,0.747283,5.94,0.849565,6.75302,1.20478,9.57658,87.6227,696.495
1947,winter,Jan-Feb,59,True,32.72,0.172034,0.87696,0.197966,1.00915,0.261186,1.33142,0.304576,1.55261,0.458475,2.33712,34.3698,175.204
1947,pre-monsoon,Mar-May,92,True,10.49,0.0571739,0.454464,0.0661957,0.526176,0.086087,0.684288,0.100326,0.797472,0.150326,1.19491,15.5626,123.704
1947,monsoon,Jun-Sep,122,True,1053.5,4.69918,49.5331,5.19902,54.8018,6.19172,65.2657,6.62566,69.8397,8.12279,85.6207,1145.38,12073.2
1947,post-monsoon,Oct-Dec,92,True,27.02,1.82293,14.4901,2.08446,16.5689,2.60163,20.6798,2.92109,23.2191,3.98522,31.6777,242.703,1929.19
1948,winter,Jan-Feb,60,True,42.15,0.3175,1.64592,0.3665,1.89994,0.492667,2.55398,0.589,3.05338,0.9205,4.77187,47.9388,248.515
1948,pre-monsoon,Mar-May,92,True,19.61,0.0944565,0.750816,0.108913,0.865728,0.146739,1.1664,0.176957,1.40659,0.279239,2.21962,44.0073,349.805
1948,monsoon,Jun-Sep,122,True,1004.64,3.67189,38.7046,4.11492,43.3745,5.03426,53.0652,5.54074,58.4038,7.34984,77.4732,1174.98,12385.3
1948,post-monsoon,Oct-Dec,92,True,37.92,1.60065,12.7233,1.8413,14.6362,2.39978,19.0754,2.79913,22.2497,4.15609,33.0359,232.972,1851.85
1949,winter,Jan-Feb,59,True,262.88,0.471186,2.40192,0.531695,2.71037,0.709492,3.6167,0.85339,4.35024,1.35,6.88176,230.762,1176.33
1949,pre-monsoon,Mar-May,92,True,174.09,0.509348,4.0487,0.559674,4.44874,0.730435,5.80608,0.869891,6.91459,1.32435,10.527,127.736,1015.35
1949,monsoon,Jun-Sep,122,True,947.05,3.5809,37.7456,4.00738,42.241,4.91246,51.7812,5.41139,57.0404,7.17852,75.6674,1175.82,12394.1
1949,post-monsoon,Oct-Dec,92,True,4.93,1.76391,14.021,2.03826,16.2017,2.65435,21.0989,3.08391,24.5134,4.53467,36.0452,247.22,1965.1
1950,winter,Jan-Feb,59,True,95.51,0.37678,1.92067,0.433051,2.20752,0.583898,2.97648,0.701017,3.5735,1.10525,5.63414,90.4254,460.953
1950,pre-monsoon,Mar-May,92,True,57.07,0.145978,1.16035,0.166739,1.32538,0.223696,1.77811,0.268696,2.13581,0.427391,3.39725,50.8559,404.243
1950,monsoon,Jun-Sep,122,True,841.11,2.77238,29.2231,3.09779,32.6532,3.68975,38.893,3.93459,41.4737,4.81156,50.7177,959.232,10111.1
1950,post-monsoon,Oct-Dec,92,True,770.56,9.33054,74.1666,10.639,84.5675,13.6278,108.325,15.612,124.096,22.6025,179.663,1143.43,9088.93
1951,winter,Jan-Feb,59,True,133.77,3.75407,19.1367,4.25746,21.7028,5.39915,27.5227,6.17068,31.4556,8.83271,45.0256,461.961,2354.89
1951,pre-monsoon,Mar-May,92,True,100.18,0.96087,7.63776,1.0988,8.73418,1.42891,11.3581,1.67076,13.2805,2.49554,19.8366,156.563,1244.49
1951,monsoon,Jun-Sep,122,True,585.83,0.672049,7.08394,0.738934,7.78896,0.922951,9.72864,1.05705,11.1421,1.49697,15.7792,578.716,6100.13
1951,post-monsoon,Oct-Dec,92,True,229.49,1.57359,12.5081,1.77337,14.0962,2.3175,18.4213,2.73207,21.7166,4.09424,32.5443,188.352,1497.17
1952,winter,Jan-Feb,60,True,180.15,0.555,2.87712,0.622833,3.22877,0.790667,4.09882,0.903333,4.68288,1.30333,6.75648,101.544,526.402
1952,pre-monsoon,Mar-May,92,True,243.64,0.609891,4.8479,0.663587,5.27472,0.796957,6.33485,0.890217,7.07616,1.19859,9.52733,201.392,1600.83
1952,monsoon,Jun-Sep,122,True,899.97,4.91779,51.8374,5.52811,58.2708,6.79541,71.6291,7.49549,79.0085,9.94451,104.823,1022.01,10772.8
1952,post-monsoon,Oct-Dec,92,True,48.51,0.881848,7.00963,1.01967,8.10518,1.35891,10.8017,1.61609,12.846,2.48913,19.7856,111.826,888.882
1953,winter,Jan-Feb,59,True,165.86,0.63678,3.24605,0.725424,3.69792,0.928305,4.73213,1.05678,5.38704,1.49593,7.62566,131.941,672.583
1953,pre-monsoon,Mar-May,92,True,99.67,0.18087,1.4377,0.205326,1.6321,0.270761,2.15222,0.31913,2.5367,0.489674,3.89232,144.345,1147.37
1953,monsoon,Jun-Sep,122,True,1280.88,6.23967,65.7711,7.04607,74.2712,9.09336,95.8513,10.5435,111.137,15.6825,165.307,1767.37,18629.5
1953,post-monsoon,Oct-Dec,92,True,83.22,1.65902,13.1872,1.89663,15.0759,2.61065,20.7516,3.24326,25.78,5.37978,42.7628,249.704,1984.85
1954,winter,Jan-Feb,59,True,213.16,0.639492,3.25987,0.713729,3.6383,0.915424,4.66646,1.07034,5.45616,1.59237,8.11728,158.395,807.437
1954,pre-monsoon,Mar-May,92,True,11.88,0.21337,1.69603,0.236957,1.88352,0.301304,2.39501,0.351413,2.79331,0.526304,4.18349,57.1361,454.163
1954,monsoon,Jun-Sep,122,True,1163.59,4.20885,44.3647,4.73762,49.9383,6.06008,63.8781,6.95369,73.2974,10.1036,106.5,1377.92,14524.4
1954,post-monsoon,Oct-Dec,92,True,71.89,2.59261,20.6081,2.9388,23.36,3.79587,30.1726,4.46228,35.4698,6.7263,53.466,435.964,3465.39
1955,winter,Jan-Feb,59,True,78.13,0.35678,1.81872,0.412712,2.10384,0.562542,2.86762,0.682203,3.4776,1.09458,5.57971,64.7802,330.223
1955,pre-monsoon,Mar-May,92,True,4.32,0.11163,0.887328,0.128043,1.01779,0.173043,1.37549,0.209348,1.66406,0.333804,2.65334,27.8815,221.625
1955,monsoon,Jun-Sep,122,True,1063.59,2.88041,30.3618,3.20549,33.7884,4.08689,43.079,4.71664,49.7172,6.91779,72.919,1029.54,10852.2
1955,post-monsoon,Oct-Dec,92,True,194.03,4.41804,35.1181,5.04054,40.0663,6.63674,52.7541,7.84413,62.3514,12.022,95.5601,650.421,5170.07
1956,winter,Jan-Feb,60,True,38.91,0.467167,2.42179,0.540333,2.80109,0.731333,3.79123,0.878667,4.55501,1.38583,7.18416,62.8753,325.946
1956,pre-monsoon,Mar-May,92,True,30.83,0.124022,0.985824,0.141957,1.12838,0.194022,1.54224,0.234022,1.86019,0.37337,2.96784,42.026,334.056
1956,monsoon,Jun-Sep,122,True,1025,4.38197,46.1894,4.84951,51.1177,5.94205,62.634,6.63336,69.9209,9.03385,95.224,1252.95,13207.1
1956,post-monsoon,Oct-Dec,92,True,332.68,5.23054,41.5765,6.02554,47.8958,8.15054,64.787,9.7838,77.7695,15.491,123.135,993.142,7894.29
1957,winter,Jan-Feb,59,True,64.21,0.522542,2.66371,0.601017,3.06374,0.800169,4.07894,0.951186,4.84877,1.47271,7.5073,88.8539,452.942
1957,pre-monsoon,Mar-May,92,True,19.47,0.15087,1.19923,0.17337,1.37808,0.229239,1.82218,0.272065,2.16259,0.41837,3.32554,39.5849,314.652
1957,monsoon,Jun-Sep,122,True,1267.37,6.55639,69.1096,7.41746,78.186,9.93352,104.707,11.9333,125.786,18.8696,198.901,1068.56,11263.5
1957,post-monsoon,Oct-Dec,92,True,25.04,1.21413,9.65088,1.40065,11.1335,1.87935,14.9386,2.2613,17.9747,3.54293,28.1621,176.933,1406.41
1958,winter,Jan-Feb,59,True,34.25,0.352203,1.79539,0.404746,2.06323,0.550169,2.80454,0.665085,3.39034,1.06475,5.42765,57.6271,293.76
1958,pre-monsoon,Mar-May,92,True,13.9,0.126413,1.00483,0.145,1.15258,0.198261,1.57594,0.242174,1.92499,0.394891,3.13891,29.0372,230.811
1958,monsoon,Jun-Sep,122,True,1496.56,9.95205,104.903,11.1711,117.753,13.903,146.549,15.5421,163.826,21.4291,225.88,1531.87,16147.1
1958,post-monsoon,Oct-Dec,92,True,186.65,6.08022,48.3304,7.00326,55.6675,9.24478,73.4849,10.9372,86.9374,16.667,132.482,738.478,5870.02
1959,winter,Jan-Feb,59,True,48.43,0.481695,2.45549,0.554746,2.82787,0.747966,3.81283,0.894068,4.5576,1.4061,7.16774,92.621,472.145
1959,pre-monsoon,Mar-May,92,True,80.63,0.17587,1.39795,0.201413,1.60099,0.270978,2.15395,0.322826,2.56608,0.501522,3.9865,37.2059,295.742
1959,monsoon,Jun-Sep,122,True,920.6,3.54689,37.387,3.95648,41.7044,4.76066,50.1811,5.17025,54.4985,6.61082,69.6833,1367,14409.3
1959,post-monsoon,Oct-Dec,92,True,332.25,7.3925,58.7615,8.48076,67.4119,10.4389,82.9768,11.4087,90.6854,14.7858,117.529,575.994,4578.46
1960,winter,Jan-Feb,60,True,33.74,0.490833,2.54448,0.564167,2.92464,0.768167,3.98218,0.931333,4.82803,1.49617,7.75613,73.742,382.279
1960,pre-monsoon,Mar-May,92,True,43.09,0.157283,1.25021,0.17913,1.42387,0.245652,1.95264,0.301957,2.40019,0.49413,3.92774,47.779,379.786
1960,monsoon,Jun-Sep,122,True,1114.16,6.22893,65.658,6.98975,73.6776,8.78434,92.594,9.97443,105.138,14.1816,149.485,1596.3,16826.3
1960,post-monsoon,Oct-Dec,92,True,237.74,2.405,19.1169,2.8013,22.267,4.00707,31.8514,5.02304,39.9272,8.55609,68.0106,216.558,1721.37
1961,winter,Jan-Feb,59,True,188.98,0.95339,4.86,1.07542,5.48208,1.39644,7.1185,1.63746,8.3471,2.47424,12.6127,160.224,816.76
1961,pre-monsoon,Mar-May,92,True,20.24,0.360217,2.8633,0.404239,3.21322,0.519565,4.12992,0.607391,4.82803,0.910543,7.23773,60.0667,477.458
1961,monsoon,Jun-Sep,122,True,1052.53,4.10451,43.2648,4.62598,48.7616,5.74164,60.5215,6.38533,67.3065,8.65025,91.1805,1441.28,15192.2
1961,post-monsoon,Oct-Dec,92,True,345.08,5.70935,45.3825,6.59609,52.431,9.00554,71.5833,10.8951,86.603,17.416,138.436,526.013,4181.17
1962,winter,Jan-Feb,59,True,74.48,0.660678,3.36787,0.75678,3.85776,0.997627,5.0855,1.17695,5.99962,1.79661,9.1584,112.588,573.927
1962,pre-monsoon,Mar-May,92,True,43.63,0.278043,2.21011,0.315435,2.50733,0.407065,3.23568,0.475978,3.78346,0.711413,5.65488,88.7313,705.307
1962,monsoon,Jun-Sep,122,True,1287.43,6.87148,72.4308,7.75877,81.7836,9.95557,104.94,11.4688,120.89,16.8409,177.517,1472.93,15525.9
1962,post-monsoon,Oct-Dec,92,True,8.59,2.07402,16.486,2.39717,19.0547,3.225,25.6349,3.89815,30.9856,6.13304,48.7503,283.911,2256.76
1963,winter,Jan-Feb,59,True,18.83,0.419492,2.1384,0.484407,2.46931,0.65322,3.32986,0.78339,3.99341,1.23305,6.2856,53.4786,272.613
1963,pre-monsoon,Mar-May,92,True,36.48,0.123804,0.984096,0.141957,1.12838,0.194565,1.54656,0.237065,1.88438,0.382609,3.04128,45.7536,363.686
1963,monsoon,Jun-Sep,122,True,1149.76,5.71959,60.2891,6.44721,67.9588,8.32803,87.7841,9.66516,101.879,14.28,150.523,1439.2,15170.3
1963,post-monsoon,Oct-Dec,92,True,18.65,1.26391,10.0466,1.45924,11.5992,1.94533,15.463,2.32348,18.4689,3.59217,28.5535,176.862,1405.84
1964,winter,Jan-Feb,60,True,4.4,0.242,1.25453,0.278667,1.44461,0.377167,1.95523,0.456333,2.36563,0.727333,3.7705,47.3735,245.584
1964,pre-monsoon,Mar-May,92,True,46.03,0.0815217,0.648,0.0926087,0.736128,0.124783,0.991872,0.149674,1.18973,0.235543,1.87229,25.932,206.128
1964,monsoon,Jun-Sep,122,True,1599.17,11.5195,121.425,13.2223,139.374,17.0596,179.822,19.5104,205.655,28.1076,296.277,1772.1,18679.4
1964,post-monsoon,Oct-Dec,92,True,29.8,1.73207,13.7678,1.99826,15.8838,2.69304,21.4065,3.24652,25.806,5.11913,40.6909,286.046,2273.72
1965,winter,Jan-Feb,59,True,27.53,0.301864,1.53878,0.347288,1.77034,0.474068,2.41661,0.573729,2.92464,0.917288,4.67597,61.801,315.037
1965,pre-monsoon,Mar-May,92,True,91.81,0.151196,1.20182,0.170652,1.35648,0.230761,1.83427,0.282826,2.24813,0.457065,3.63312,49.2176,391.221
1965,monsoon,Jun-Sep,122,True,655.51,1.4173,14.9394,1.57852,16.6389,2.04852,21.5931,2.40664,25.3679,3.53533,37.2652,499.757,5267.83
1965,post-monsoon,Oct-Dec,92,True,26.02,0.275652,2.1911,0.312065,2.48054,0.396413,3.15101,0.455326,3.6193,0.659565,5.24275,70.1562,557.658
1966,winter,Jan-Feb,59,True,39.84,0.132034,0.673056,0.150169,0.765504,0.194576,0.991872,0.228305,1.16381,0.346102,1.76429,33.331,169.908
1966,pre-monsoon,Mar-May,92,True,16.81,0.0553261,0.439776,0.061087,0.485568,0.0806522,0.641088,0.096087,0.763776,0.149674,1.18973,22.018,175.017
1966,monsoon,Jun-Sep,122,True,931.78,3.60426,37.9918,4.00279,42.1926,4.90057,51.656,5.45287,57.4776,7.3718,77.7047,974.253,10269.4
1966,post-monsoon,Oct-Dec,92,True,33.35,0.639891,5.08637,0.733043,5.82682,0.9525,7.57123,1.11228,8.84131,1.65772,13.1769,93.166,740.558
1967,winter,Jan-Feb,59,True,0,0.214746,1.09469,0.246441,1.25626,0.327458,1.66925,0.387458,1.9751,0.596949,3.04301,29.5192,150.477
1967,pre-monsoon,Mar-May,92,True,113.3,0.114565,0.910656,0.130543,1.03766,0.188587,1.49904,0.244239,1.94141,0.42,3.3385,29.9071,237.725
1967,monsoon,Jun-Sep,122,True,1256.99,7.05377,74.3524,7.96549,83.9627,10.2127,107.65,11.7373,123.72,17.0865,180.105,1581.69,16672.2
1967,post-monsoon,Oct-Dec,92,True,129.69,1.46457,11.6415,1.69033,13.4361,2.25239,17.9038,2.68804,21.3667,4.15685,33.042,196.075,1558.56
1968,winter,Jan-Feb,60,True,106.24,0.439167,2.27664,0.503833,2.61187,0.678,3.51475,0.812333,4.21114,1.28083,6.63984,90.3268,468.254
1968,pre-monsoon,Mar-May,92,True,28.14,0.180652,1.43597,0.20587,1.63642,0.276957,2.20147,0.333696,2.65248,0.530761,4.21891,46.268,367.775
1968,monsoon,Jun-Sep,122,True,999.51,3.37385,35.5631,3.81582,40.2218,4.88172,51.4572,5.56803,58.6915,7.9523,83.8236,793.964,8369.01
1968,post-monsoon,Oct-Dec,92,True,15.95,1.11902,8.89488,1.29163,10.2669,1.62957,12.9531,1.82761,14.5273,2.50261,19.8927,102.002,810.797
1969,winter,Jan-Feb,59,True,19.26,0.385424,1.96474,0.440847,2.24726,0.583559,2.97475,0.691695,3.52598,1.06492,5.42851,61.5156,313.582
1969,pre-monsoon,Mar-May,92,True,81.15,0.15913,1.2649,0.179239,1.42474,0.23663,1.88093,0.282174,2.24294,0.440217,3.4992,47.9717,381.318
1969,monsoon,Jun-Sep,122,True,1205.6,6.50598,68.5783,7.37205,77.7073,9.39246,99.004,10.7095,112.887,15.3928,162.252,1183.51,12475.1
1969,post-monsoon,Oct-Dec,92,True,1.9,1.89761,15.0837,2.19152,17.42,2.95446,23.4844,3.56598,28.3452,5.63141,44.763,207.194,1646.94
1970,winter,Jan-Feb,59,True,98.04,0.525932,2.68099,0.605763,3.08794,0.835932,4.26125,1.02356,5.2177,1.65712,8.44733,61.3522,312.749
1970,pre-monsoon,Mar-May,92,True,26.71,0.202826,1.61222,0.233696,1.8576,0.315217,2.5056,0.379022,3.01277,0.597826,4.752,40.7147,323.633
1970,monsoon,Jun-Sep,122,True,868.56,1.85705,19.5748,2.04664,21.5732,2.41098,25.4137,2.57189,27.1097,3.13746,33.0713,804.592,8481.04
1970,post-monsoon,Oct-Dec,92,True,40.26,1.30098,10.3412,1.48239,11.7832,1.78652,14.2007,1.92065,15.2669,2.37304,18.8628,173.717,1380.84
1971,winter,Jan-Feb,59,True,50.25,0.435254,2.21875,0.499661,2.54707,0.622542,3.17347,0.690847,3.52166,0.92661,4.72349,57.0139,290.634
1971,pre-monsoon,Mar-May,92,True,154.39,0.220652,1.75392,0.250761,1.99325,0.315978,2.51165,0.358696,2.8512,0.504783,4.01242,69.6724,553.812
1971,monsoon,Jun-Sep,122,True,1242.38,8.29779,87.4653,9.36902,98.7569,11.7575,123.933,13.2559,139.728,18.5165,195.178,1812.01,19100
1971,post-monsoon,Oct-Dec,92,True,139.86,1.41337,11.2346,1.6238,12.9073,2.14217,17.0277,2.53087,20.1174,3.85533,30.6452,198.118,1574.8
1972,winter,Jan-Feb,60,True,59.96,0.455,2.35872,0.521333,2.70259,0.687667,3.56486,0.810833,4.20336,1.238,6.41779,71.3725,369.995
1972,pre-monsoon,Mar-May,92,True,34.28,0.194022,1.54224,0.22163,1.7617,0.294348,2.33971,0.350217,2.78381,0.544891,4.33123,42.5026,337.845
1972,monsoon,Jun-Sep,122,True,900.54,2.7977,29.49,3.12377,32.927,3.93721,41.5014,4.4909,47.3377,6.39656,67.4248,809.835,8536.3
1972,post-monsoon,Oct-Dec,92,True,33,0.728804,5.79312,0.821522,6.53011,1.00174,7.96262,1.10804,8.80762,1.46837,11.6718,122.93,977.143
1973,winter,Jan-Feb,59,True,83.37,0.326441,1.66406,0.367966,1.87574,0.458814,2.33885,0.515254,2.62656,0.719153,3.66595,65.9919,336.4
1973,pre-monsoon,Mar-May,92,True,53.4,0.135109,1.07395,0.152609,1.21306,0.192935,1.5336,0.222609,1.76947,0.319565,2.54016,54.277,431.437
1973,monsoon,Jun-Sep,122,True,1336.25,9.14352,96.3801,10.3514,109.112,12.5629,132.423,13.5822,143.167,17.1612,180.893,1644.79,17337.4
1973,post-monsoon,Oct-Dec,92,True,128.31,2.2512,17.8943,2.58967,20.5848,3.53696,28.1146,4.29957,34.1764,6.94011,55.1655,254.794,2025.31
1974,winter,Jan-Feb,59,True,17.56,0.514407,2.62224,0.594407,3.03005,0.808475,4.12128,0.975932,4.97491,1.55712,7.93757,75.3641,384.176
1974,pre-monsoon,Mar-May,92,True,19.67,0.168696,1.34093,0.194239,1.54397,0.265761,2.11248,0.324022,2.57558,0.524674,4.17053,36.3466,288.912
1974,monsoon,Jun-Sep,122,True,818.82,2.65836,28.0212,2.95533,31.1515,3.70336,39.0364,4.20074,44.2791,5.93795,62.5908,752.279,7929.62
1974,post-monsoon,Oct-Dec,92,True,59.63,0.49163,3.90787,0.559783,4.4496,0.736522,5.85446,0.870978,6.92323,1.33283,10.5944,85.4774,679.443
1975,winter,Jan-Feb,59,True,82.87,0.220847,1.12579,0.251017,1.27958,0.338136,1.72368,0.406102,2.07014,0.643729,3.28147,69.6283,354.937
1975,pre-monsoon,Mar-May,92,True,45.28,0.096087,0.763776,0.109022,0.866592,0.14837,1.17936,0.180652,1.43597,0.295761,2.35094,50.1121,398.331
1975,monsoon,Jun-Sep,122,True,1366.06,7.53221,79.3956,8.53607,89.977,10.9257,115.166,12.5177,131.947,18.0948,190.733,1674.23,17647.7
1975,post-monsoon,Oct-Dec,92,True,27.59,1.78946,14.224,2.05511,16.3356,2.71946,21.6164,3.23413,25.7075,4.97065,39.5107,216.065,1717.45
1976,winter,Jan-Feb,60,True,26.5,0.357,1.85069,0.409167,2.12112,0.5505,2.85379,0.662833,3.43613,1.05133,5.45011,62.6148,324.595
1976,pre-monsoon,Mar-May,92,True,32.04,0.139565,1.10938,0.15913,1.2649,0.215,1.70899,0.260543,2.07101,0.417717,3.32035,47.4547,377.208
1976,monsoon,Jun-Sep,122,True,1278.35,7.31992,77.1578,8.25689,87.0342,10.413,109.762,11.7857,124.23,16.5549,174.502,1335.82,14080.6
1976,post-monsoon,Oct-Dec,92,True,0.93,1.11228,8.84131,1.28674,10.228,1.71761,13.6529,2.04152,16.2276,3.14598,25.0068,140.095,1113.59
1977,winter,Jan-Feb,59,True,21.9,0.349153,1.77984,0.404576,2.06237,0.542373,2.7648,0.644746,3.28666,1.00068,5.10106,47.8031,243.681
1977,pre-monsoon,Mar-May,92,True,76.15,0.139457,1.10851,0.160978,1.27958,0.216957,1.72454,0.26,2.06669,0.407391,3.23827,49.0635,389.996
1977,monsoon,Jun-Sep,122,True,882.96,2.76902,29.1876,3.10164,32.6938,3.80254,40.0818,4.1977,44.2472,5.54598,58.4591,661.126,6968.8
1977,post-monsoon,Oct-Dec,92,True,44.97,1.41739,11.2666,1.6288,12.947,2.01576,16.0229,2.22946,17.7215,2.9413,23.3798,171.579,1363.85
1978,winter,Jan-Feb,59,True,64.82,0.405763,2.06842,0.463729,2.3639,0.596271,3.03955,0.686949,3.50179,1,5.0976,67.0142,341.612
1978,pre-monsoon,Mar-May,92,True,100.79,0.214891,1.70813,0.241196,1.91722,0.305761,2.43043,0.35163,2.79504,0.507609,4.03488,50.6154,402.332
1978,monsoon,Jun-Sep,122,True,1179.42,7.85008,82.7461,8.91484,93.9695,11.1659,117.698,12.4601,131.339,16.9179,178.328,1150.93,12131.8
1978,post-monsoon,Oct-Dec,92,True,18.63,0.914348,7.26797,1.04446,8.30218,1.38859,11.0376,1.66076,13.2011,2.59022,20.5891,128.537,1021.72
1979,winter,Jan-Feb,59,True,126.96,0.378983,1.9319,0.430847,2.19629,0.55661,2.83738,0.646271,3.29443,0.957458,4.88074,92.5405,471.734
1979,pre-monsoon,Mar-May,92,True,92.51,0.240761,1.91376,0.266413,2.11766,0.336087,2.67149,0.388261,3.08621,0.567065,4.50749,82.8788,658.787
1979,monsoon,Jun-Sep,122,True,475.16,1.28205,13.5138,1.3918,14.6707,1.63615,17.2463,1.73992,18.3401,2.07033,21.8229,502.074,5292.27
1979,post-monsoon,Oct-Dec,92,True,13.9,0.107935,0.857952,0.116522,0.926208,0.132283,1.05149,0.139674,1.11024,0.167174,1.32883,41.9567,333.506
1980,winter,Jan-Feb,60,True,34.37,0.072,0.373248,0.0791667,0.4104,0.0921667,0.477792,0.0985,0.510624,0.123333,0.63936,34.0332,176.428
1980,pre-monsoon,Mar-May,92,True,38.35,0.0408696,0.324864,0.0448913,0.356832,0.0534783,0.425088,0.0563043,0.447552,0.0686957,0.546048,28.6458,227.699
1980,monsoon,Jun-Sep,122,True,974.84,2.36754,24.9558,2.65156,27.9495,3.54721,37.3905,4.25213,44.8209,6.64738,70.0687,788.28,8309.1
1980,post-monsoon,Oct-Dec,92,True,28.79,0.667391,5.30496,0.757826,6.02381,0.989891,7.86845,1.16304,9.2448,1.7637,14.0193,102.568,815.292
1981,winter,Jan-Feb,59,True,46.78,0.35,1.78416,0.401017,2.04422,0.533051,2.71728,0.629831,3.21062,0.972034,4.95504,63.7159,324.798
1981,pre-monsoon,Mar-May,92,True,96.32,0.177391,1.41005,0.203478,1.61741,0.269457,2.14186,0.317609,2.52461,0.485978,3.86294,59.6334,474.014
1981,monsoon,Jun-Sep,122,True,815.49,2.7618,29.1116,3.14918,33.1949,4.16557,43.9085,4.89836,51.6326,7.39172,77.9147,644.211,6790.5
1981,post-monsoon,Oct-Dec,92,True,30.9,0.644674,5.12438,0.745109,5.92272,0.935652,7.43731,1.06033,8.42832,1.4588,11.5957,100.857,801.696
1982,winter,Jan-Feb,59,True,56.73,0.28661,1.46102,0.329831,1.68134,0.424576,2.16432,0.48661,2.48054,0.699831,3.56746,58.301,297.195
1982,pre-monsoon,Mar-May,92,True,145.16,0.230217,1.82995,0.255543,2.03126,0.319783,2.54189,0.363696,2.89094,0.510326,4.05648,95.1226,756.111
1982,monsoon,Jun-Sep,122,True,810.83,2.29279,24.1678,2.54377,26.8134,3.18492,33.5716,3.60131,37.9607,5.01639,52.8768,537.317,5663.75
1982,post-monsoon,Oct-Dec,92,True,16.03,0.718804,5.71363,0.815761,6.48432,0.994457,7.90474,1.09217,8.68147,1.42489,11.3262,79.7955,634.279
1983,winter,Jan-Feb,59,True,68.78,0.332373,1.6943,0.378983,1.9319,0.476949,2.4313,0.538305,2.74406,0.75322,3.83962,48.8727,249.134
1983,pre-monsoon,Mar-May,92,True,138.98,0.167283,1.3297,0.189239,1.50422,0.238587,1.89648,0.274239,2.17987,0.393478,3.12768,80.3753,638.887
1983,monsoon,Jun-Sep,122,True,1226.79,4.98582,52.5545,5.6273,59.3162,7.50836,79.1441,8.97844,94.64,14.0053,147.627,1020.12,10752.9
1983,post-monsoon,Oct-Dec,92,True,35.07,1.56239,12.4191,1.80043,14.3113,2.41543,19.1998,2.89707,23.0282,4.5312,36.0176,255.997,2034.87
1984,winter,Jan-Feb,60,True,79.98,0.448667,2.32589,0.5095,2.64125,0.677667,3.51302,0.8125,4.212,1.27933,6.63206,84.0525,435.728
1984,pre-monsoon,Mar-May,92,True,19.22,0.149783,1.19059,0.171087,1.35994,0.235,1.86797,0.2875,2.28528,0.47,3.73594,25.6051,203.53
1984,monsoon,Jun-Sep,122,True,867.26,2.45508,25.8785,2.76549,29.1505,3.4677,36.5524,3.87385,40.8335,5.26303,55.4766,649.403,6845.23
1984,post-monsoon,Oct-Dec,92,True,11.99,0.924674,7.35005,1.0662,8.47498,1.39359,11.0773,1.62283,12.8995,2.41087,19.1635,98.542,783.29
1985,winter,Jan-Feb,59,True,19.56,0.314915,1.60531,0.363051,1.85069,0.486949,2.48227,0.579153,2.95229,0.898983,4.58266,38.7634,197.6
1985,pre-monsoon,Mar-May,92,True,11.84,0.107935,0.857952,0.123696,0.983232,0.16837,1.33834,0.204022,1.62173,0.328152,2.60842,22.5623,179.343
1985,monsoon,Jun-Sep,122,True,1156.18,5.17508,54.5495,5.87418,61.9186,7.59131,80.0185,8.70959,91.806,12.7091,133.964,845.073,8907.75
1985,post-monsoon,Oct-Dec,92,True,239.86,4.12533,32.7914,4.74772,37.7387,6.3963,50.8429,7.70141,61.217,12.1543,96.6125,468.211,3721.72
1986,winter,Jan-Feb,59,True,43.15,0.606441,3.09139,0.700339,3.57005,0.935763,4.77014,1.11102,5.66352,1.71797,8.7575,96.1078,489.919
1986,pre-monsoon,Mar-May,92,True,78.62,0.242391,1.92672,0.274674,2.18333,0.361522,2.87366,0.424457,3.37392,0.642391,5.10624,59.3932,472.104
1986,monsoon,Jun-Sep,122,True,720.85,1.2891,13.5881,1.39566,14.7113,1.73492,18.2874,2.00779,21.1637,2.89926,30.5605,668.553,7047.08
1986,post-monsoon,Oct-Dec,92,True,57.53,0.261739,2.08051,0.285978,2.27318,0.348913,2.77344,0.396848,3.15446,0.561522,4.46342,84.4895,671.59
1987,winter,Jan-Feb,59,True,46.29,0.161695,0.824256,0.178136,0.908064,0.224407,1.14394,0.26322,1.34179,0.398475,2.03126,40.8612,208.294
1987,pre-monsoon,Mar-May,92,True,50.57,0.110761,0.880416,0.119783,0.952128,0.149457,1.188,0.175978,1.39882,0.264022,2.09866,59.5692,473.504
1987,monsoon,Jun-Sep,122,True,376.32,0.226885,2.39155,0.252951,2.6663,0.342623,3.61152,0.415738,4.38221,0.642787,6.77549,233.645,2462.81
1987,post-monsoon,Oct-Dec,92,True,33.21,0.0421739,0.335232,0.0447826,0.355968,0.048587,0.386208,0.0570652,0.4536,0.0731522,0.581472,35.419,281.539
1988,winter,Jan-Feb,60,True,16.15,0.0115,0.059616,0.012,0.062208,0.0148333,0.076896,0.0221667,0.114912,0.0355,0.184032,17.4328,90.3718
1988,pre-monsoon,Mar-May,92,True,41.59,0.0076087,0.06048,0.00815217,0.0648,0.0109783,0.087264,0.0138043,0.109728,0.025,0.19872,53.5279,425.483
1988,monsoon,Jun-Sep,122,True,1116.89,4.94385,52.1122,5.53238,58.3157,6.8191,71.8788,7.58959,80.0004,10.2871,108.435,1476.87,15567.4
1988,post-monsoon,Oct-Dec,92,True,31.48,0.958261,7.61702,1.09946,8.73936,1.42685,11.3417,1.6587,13.1846,2.44989,19.4737,124.338,988.342
1989,winter,Jan-Feb,59,True,26.97,0.352881,1.79885,0.402034,2.04941,0.526271,2.68272,0.620169,3.16138,0.944407,4.81421,100.603,512.832
1989,pre-monsoon,Mar-May,92,True,43.44,0.132717,1.05494,0.150326,1.19491,0.197826,1.57248,0.233261,1.85414,0.358043,2.84602,32.7437,260.273
1989,monsoon,Jun-Sep,122,True,743.84,1.38041,14.5506,1.50582,15.8725,1.8891,19.9126,2.1777,22.9548,3.13443,33.0394,907.985,9570.88
1989,post-monsoon,Oct-Dec,92,True,59.75,0.379239,3.0145,0.413587,3.28752,0.480435,3.81888,0.520978,4.14115,0.661196,5.25571,100.884,801.91
1990,winter,Jan-Feb,59,True,72.53,0.18339,0.934848,0.205932,1.04976,0.252542,1.28736,0.280847,1.43165,0.380678,1.94054,43.0505,219.454
1990,pre-monsoon,Mar-May,92,True,109.02,0.110326,0.87696,0.123478,0.981504,0.155435,1.23552,0.177391,1.41005,0.248261,1.97338,104.585,831.323
1990,monsoon,Jun-Sep,122,True,1177.92,5.57664,58.7822,6.27721,66.1668,7.78844,82.0964,8.63779,91.0492,11.6201,122.485,1314.92,13860.3
1990,post-monsoon,Oct-Dec,92,True,46.38,1.75185,13.9251,2.0212,16.0661,2.59196,20.6029,2.97109,23.6166,4.24239,33.7219,203.169,1614.95
1991,winter,Jan-Feb,59,True,59.15,0.462034,2.35526,0.523051,2.6663,0.689831,3.51648,0.818814,4.17398,1.25966,6.42125,79.8524,407.055
1991,pre-monsoon,Mar-May,92,True,65.72,0.163804,1.30205,0.186739,1.48435,0.249457,1.98288,0.3,2.38464,0.47413,3.76877,50.9804,405.233
1991,monsoon,Jun-Sep,122,True,766.51,1.6341,17.2247,1.83361,19.3277,2.3373,24.637,2.66467,28.0878,3.75238,39.5531,535.764,5647.38
1991,post-monsoon,Oct-Dec,92,True,69.29,0.802935,6.38237,0.911413,7.24464,1.09337,8.69098,1.17924,9.37354,1.46652,11.6571,104.043,827.021
1992,winter,Jan-Feb,60,True,42.1,0.346333,1.79539,0.393167,2.03818,0.484667,2.51251,0.538,2.78899,0.723333,3.74976,69.467,360.117
1992,pre-monsoon,Mar-May,92,True,10.35,0.164457,1.30723,0.186522,1.48262,0.232065,1.84464,0.26,2.06669,0.35913,2.85466,33.7236,268.062
1992,monsoon,Jun-Sep,122,True,771.48,2.6773,28.2208,2.98582,31.4729,3.59984,37.9452,3.91557,41.2733,4.99451,52.6461,665.869,7018.8
1992,post-monsoon,Oct-Dec,92,True,131.01,1.5087,11.9923,1.70815,13.5778,2.05,16.295,2.19967,17.4848,2.71272,21.5628,141.637,1125.85
1993,winter,Jan-Feb,59,True,45.84,0.390169,1.98893,0.447966,2.28355,0.555254,2.83046,0.611186,3.11558,0.810169,4.12992,44.7868,228.305
1993,pre-monsoon,Mar-May,92,True,110.83,0.235217,1.8697,0.258804,2.05718,0.309565,2.46067,0.341848,2.71728,0.452174,3.59424,70.9815,564.218
1993,monsoon,Jun-Sep,122,True,931.88,5.06648,53.4047,5.65172,59.5737,6.71287,70.759,7.19607,75.8523,8.79336,92.6891,1060.26,11176
1993,post-monsoon,Oct-Dec,92,True,0.34,1.15543,9.18432,1.32533,10.5348,1.64283,13.0585,1.8225,14.4867,2.42141,19.2473,126.344,1004.28
1994,winter,Jan-Feb,59,True,98.12,0.372881,1.9008,0.427966,2.1816,0.568305,2.89699,0.670678,3.41885,1.02186,5.20906,62.3393,317.781
1994,pre-monsoon,Mar-May,92,True,22.17,0.130109,1.03421,0.149783,1.19059,0.199457,1.58544,0.236087,1.87661,0.362935,2.8849,46.4846,369.497
1994,monsoon,Jun-Sep,122,True,820.02,3.14328,33.1327,3.42246,36.0755,3.9532,41.6699,4.19754,44.2454,5.02697,52.9883,983.148,10363.2
1994,post-monsoon,Oct-Dec,92,True,0.02,0.691522,5.49677,0.793804,6.30979,0.974565,7.74662,1.07043,8.50867,1.38739,11.0281,95.5428,759.451
1995,winter,Jan-Feb,59,True,107.41,0.360169,1.836,0.413051,2.10557,0.532712,2.71555,0.612203,3.12077,0.882542,4.49885,65.4868,333.825
1995,pre-monsoon,Mar-May,92,True,39.69,0.135326,1.07568,0.154348,1.22688,0.199565,1.5863,0.229891,1.82736,0.336413,2.67408,55.8192,443.696
1995,monsoon,Jun-Sep,122,True,802.87,2.43705,25.6884,2.66016,28.0403,3.15877,33.296,3.46148,36.4867,4.50656,47.5027,1035.78,10918
1995,post-monsoon,Oct-Dec,92,True,0.7,0.768913,6.11194,0.874239,6.94915,1.08783,8.64691,1.2213,9.7079,1.67033,13.2771,124.574,990.212
1996,winter,Jan-Feb,60,True,153.17,0.407667,2.11334,0.4595,2.38205,0.590833,3.06288,0.6865,3.55882,1.0195,5.28509,75.1848,389.758
1996,pre-monsoon,Mar-May,92,True,25.59,0.148696,1.18195,0.168913,1.34266,0.220543,1.75306,0.258478,2.05459,0.389022,3.09226,48.0257,381.746
1996,monsoon,Jun-Sep,122,True,1287.84,8.42607,88.8175,9.59025,101.089,12.2888,129.533,14.0608,148.212,20.2648,213.608,1420.99,14978.4
1996,post-monsoon,Oct-Dec,92,True,12.12,1.17587,9.34675,1.35967,10.8078,1.8275,14.5264,2.19228,17.426,3.43022,27.2661,163.145,1296.8
1997,winter,Jan-Feb,59,True,24.02,0.371864,1.89562,0.428475,2.18419,0.580847,2.96093,0.698814,3.56227,1.1078,5.6471,60.7744,309.804
1997,pre-monsoon,Mar-May,92,True,121.33,0.170761,1.35734,0.193696,1.53965,0.260761,2.07274,0.313587,2.49264,0.497935,3.95798,70.118,557.354
1997,monsoon,Jun-Sep,122,True,789.25,1.82172,19.2024,2.03631,21.4644,2.60836,27.4942,2.99426,31.5619,4.31221,45.4542,731.38,7709.33
1997,post-monsoon,Oct-Dec,92,True,143.39,0.903478,7.18157,1.02489,8.14666,1.33576,10.6177,1.56576,12.4459,2.35859,18.7479,149.442,1187.88
1998,winter,Jan-Feb,59,True,47.94,0.461017,2.35008,0.527458,2.68877,0.706441,3.60115,0.846102,4.31309,1.33119,6.78586,63.7547,324.996
1998,pre-monsoon,Mar-May,92,True,204.64,0.469239,3.72989,0.525,4.17312,0.695435,5.52787,0.826304,6.56813,1.26761,10.076,76.524,608.274
1998,monsoon,Jun-Sep,122,True,1016.48,6.20074,65.3607,6.96607,73.4279,8.5691,90.3252,9.44311,99.538,12.4902,131.657,909.495,9586.8
1998,post-monsoon,Oct-Dec,92,True,76.13,1.40163,11.1413,1.58859,12.6274,2.09609,16.6614,2.4862,19.7623,3.82902,30.4361,262.102,2083.4
1999,winter,Jan-Feb,59,True,50.88,0.574407,2.9281,0.658305,3.35578,0.876102,4.46602,1.04203,5.31187,1.62,8.25811,81.4108,415
1999,pre-monsoon,Mar-May,92,True,36.17,0.215326,1.71158,0.246957,1.96301,0.330543,2.62742,0.395761,3.14582,0.618913,4.91962,49.116,390.413
1999,monsoon,Jun-Sep,122,True,837.88,2.26041,23.8265,2.53631,26.7348,3.13443,33.0394,3.44951,36.3606,4.53344,47.7861,772.201,8139.62
1999,post-monsoon,Oct-Dec,92,True,112.75,2.37174,18.8525,2.67076,21.2293,3.29815,26.2164,3.69141,29.3423,5.04228,40.0801,300.454,2388.25
2000,winter,Jan-Feb,60,True,72.7,0.412667,2.13926,0.467,2.42093,0.564167,2.92464,0.6185,3.2063,0.796667,4.12992,96.9495,502.586
2000,pre-monsoon,Mar-May,92,True,54.76,0.180435,1.43424,0.203696,1.61914,0.249348,1.98202,0.276087,2.19456,0.365652,2.9065,64.5362,512.985
2000,monsoon,Jun-Sep,122,True,796.19,2.92803,30.8638,3.28689,34.6464,3.93,41.4253,4.20033,44.2748,5.15754,54.3646,1032.34,10881.7
2000,post-monsoon,Oct-Dec,92,True,0.19,1.18217,9.39686,1.36424,10.8441,1.765,14.0296,2.03348,16.1637,2.94924,23.4429,139.439,1108.38
2001,winter,Jan-Feb,59,True,14.55,0.449153,2.2896,0.517119,2.63606,0.689831,3.51648,0.816271,4.16102,1.25831,6.41434,57.3964,292.584
2001,pre-monsoon,Mar-May,92,True,118.27,0.209891,1.66838,0.23913,1.9008,0.31837,2.53066,0.379891,3.01968,0.592717,4.71139,67.2639,534.667
2001,monsoon,Jun-Sep,122,True,633.18,1.2423,13.0948,1.37508,14.4945,1.64443,17.3336,1.7741,18.7004,2.22287,23.4308,587.453,6192.22
2001,post-monsoon,Oct-Dec,92,True,12.7,0.72163,5.7361,0.831957,6.61306,1.0187,8.09741,1.1012,8.75318,1.38772,11.0307,75.9052,603.355
2002,winter,Jan-Feb,59,True,137.45,0.564915,2.87971,0.641017,3.26765,0.798475,4.0703,0.891356,4.54378,1.20525,6.1439,80.6025,410.88
2002,pre-monsoon,Mar-May,92,True,85.78,0.291739,2.31898,0.330326,2.6257,0.407391,3.23827,0.448261,3.56314,0.590543,4.69411,48.7479,387.488
2002,monsoon,Jun-Sep,122,True,842.44,2.7927,29.4373,3.18057,33.5258,4.05918,42.787,4.60811,48.5732,6.52877,68.8185,754.725,7955.41
2002,post-monsoon,Oct-Dec,92,True,46.77,1.12217,8.91994,1.27913,10.1676,1.5487,12.3103,1.68543,13.3972,2.13054,16.9353,118.702,943.542
2003,winter,Jan-Feb,59,True,109.84,0.652881,3.32813,0.738814,3.76618,0.925932,4.72003,1.04508,5.32742,1.44288,7.35523,118.227,602.675
2003,pre-monsoon,Mar-May,92,True,24.29,0.250761,1.99325,0.287391,2.28442,0.367391,2.92032,0.420217,3.34022,0.602935,4.79261,51.4082,408.633
2003,monsoon,Jun-Sep,122,True,1284.79,7.795,82.1655,8.80295,92.7901,11.2238,118.308,12.8427,135.372,18.5875,195.927,1112.01,11721.5
2003,post-monsoon,Oct-Dec,92,True,20.72,2.14859,17.0787,2.48533,19.7554,3.3288,26.46,4.00174,31.809,6.23565,49.566,239.492,1903.67
2004,winter,Jan-Feb,60,True,43.52,0.5545,2.87453,0.638333,3.30912,0.868833,4.50403,1.04933,5.43974,1.679,8.70394,80.4322,416.96
2004,pre-monsoon,Mar-May,92,True,51.07,0.2275,1.80835,0.261522,2.07878,0.354891,2.82096,0.42913,3.41107,0.6875,5.4648,45.4634,361.379
2004,monsoon,Jun-Sep,122,True,711.37,1.27787,13.4698,1.41754,14.942,1.83672,19.3605,2.14607,22.6212,3.16172,33.3271,449.184,4734.76
2004,post-monsoon,Oct-Dec,92,True,89.48,0.841087,6.68563,0.953587,7.57987,1.13967,9.05904,1.21761,9.67853,1.49,11.8437,137.582,1093.61
2005,winter,Jan-Feb,59,True,69.12,0.418644,2.13408,0.474407,2.41834,0.558814,2.84861,0.587797,2.99635,0.684915,3.49142,79.0249,402.837
2005,pre-monsoon,Mar-May,92,True,44.5,0.182283,1.44893,0.206957,1.64506,0.246739,1.96128,0.26337,2.09347,0.31913,2.5367,48.5652,386.035
2005,monsoon,Jun-Sep,122,True,857.27,3.02254,31.86,3.37418,35.5666,4.08107,43.0177,4.42262,46.618,5.59508,58.9766,758.18,7991.82
2005,post-monsoon,Oct-Dec,92,True,9.53,1.4438,11.4765,1.64174,13.0499,1.92728,15.3196,2.01554,16.0212,2.30826,18.3479,296.599,2357.61
2006,winter,Jan-Feb,59,True,0.37,0.483051,2.4624,0.555593,2.83219,0.678475,3.45859,0.736441,3.75408,0.934068,4.7615,54.6947,278.812
2006,pre-monsoon,Mar-May,92,True,82.83,0.200326,1.59235,0.228587,1.81699,0.285761,2.27146,0.318913,2.53498,0.432065,3.4344,69.1064,549.313
2006,monsoon,Jun-Sep,122,True,700.68,1.89115,19.9342,2.10246,22.1616,2.62246,27.6428,2.94352,31.0271,4.01066,42.2755,592.452,6244.92
2006,post-monsoon,Oct-Dec,92,True,4.5,0.36913,2.93414,0.406304,3.22963,0.460217,3.65818,0.477826,3.79814,0.534022,4.24483,86.5535,687.996
2007,winter,Jan-Feb,59,True,122.08,0.372373,1.89821,0.415424,2.11766,0.506102,2.5799,0.556271,2.83565,0.725593,3.69878,61.9031,315.557
2007,pre-monsoon,Mar-May,92,True,80.58,0.214565,1.70554,0.236413,1.8792,0.273152,2.17123,0.287391,2.28442,0.333478,2.65075,81.8114,650.303
2007,monsoon,Jun-Sep,122,True,780.1,1.66402,17.5401,1.84197,19.4158,2.2359,23.5682,2.45721,25.901,3.22016,33.9431,708.006,7462.95
2007,post-monsoon,Oct-Dec,92,True,19.66,0.910761,7.23946,1.02543,8.15098,1.18598,9.4271,1.23304,9.80122,1.38467,11.0065,114.777,912.338
2008,winter,Jan-Feb,60,True,19.35,0.361,1.87142,0.4085,2.11766,0.482,2.49869,0.512333,2.65594,0.615833,3.19248,55.7395,288.954
2008,pre-monsoon,Mar-May,92,True,54.32,0.187717,1.49213,0.212717,1.69085,0.255543,2.03126,0.276739,2.19974,0.349348,2.7769,46.9602,373.277
2008,monsoon,Jun-Sep,122,True,1171.86,7.42861,78.3035,8.38377,88.3716,10.3897,109.515,11.5593,121.845,15.6861,165.345,1495.95,15768.5
2008,post-monsoon,Oct-Dec,92,True,27.88,1.4425,11.4661,1.64804,13.1,2.13391,16.962,2.48457,19.7493,3.6838,29.2818,180.052,1431.19
2009,winter,Jan-Feb,59,True,14.8,0.561525,2.86243,0.648644,3.30653,0.854237,4.35456,1.0022,5.10883,1.51407,7.71811,62.8224,320.243
2009,pre-monsoon,Mar-May,92,True,49.08,0.241739,1.92154,0.2775,2.20579,0.370761,2.9471,0.439783,3.49574,0.679457,5.40086,44.4102,353.008
2009,monsoon,Jun-Sep,122,True,776.65,2.4691,26.0263,2.76352,29.1298,3.5377,37.2902,4.02336,42.4094,5.63115,59.3568,587.454,6192.24
2009,post-monsoon,Oct-Dec,92,True,149.22,1.61967,12.8745,1.83207,14.5627,2.24022,17.807,2.46196,19.5696,3.24065,25.7593,521.141,4142.44
2010,winter,Jan-Feb,59,True,36.5,0.357966,1.82477,0.404237,2.06064,0.478475,2.43907,0.511017,2.60496,0.615763,3.13891,60.5122,308.467
2010,pre-monsoon,Mar-May,92,True,39.46,0.170326,1.35389,0.1925,1.53014,0.230326,1.83082,0.248804,1.9777,0.30913,2.45722,29.0429,230.856
2010,monsoon,Jun-Sep,122,True,1318.07,9.20443,97.022,10.3159,108.738,12.7897,134.813,14.3156,150.898,19.7148,207.81,1750.1,18447.5
2010,post-monsoon,Oct-Dec,92,True,66.76,1.86391,14.8159,2.15304,17.1141,2.89326,22.998,3.48098,27.6696,5.45989,43.3996,241.499,1919.63
2011,winter,Jan-Feb,59,True,25.84,0.530169,2.70259,0.611864,3.11904,0.819661,4.1783,0.985763,5.02502,1.54186,7.85981,81.8602,417.29
2011,pre-monsoon,Mar-May,92,True,33.51,0.222609,1.76947,0.255109,2.02781,0.345978,2.75011,0.417935,3.32208,0.668152,5.31101,45.2497,359.681
2011,monsoon,Jun-Sep,122,True,1093.16,5.24082,55.2424,6.0282,63.542,8.09557,85.3338,9.62066,101.409,14.9711,157.808,990.111,10436.6
2011,post-monsoon,Oct-Dec,92,True,3.41,1.02587,8.15443,1.18043,9.38304,1.53174,12.1755,1.77587,14.116,2.60696,20.7222,154.7,1229.68
2012,winter,Jan-Feb,60,True,31.36,0.4255,2.20579,0.490667,2.54362,0.639667,3.31603,0.742333,3.84826,1.09617,5.68253,61.6733,319.715
2012,pre-monsoon,Mar-May,92,True,25.02,0.16587,1.31846,0.190978,1.51805,0.251413,1.99843,0.29413,2.33798,0.443478,3.52512,37.1018,294.915
2012,monsoon,Jun-Sep,122,True,837.77,3.20877,33.823,3.6241,38.2009,4.54992,47.9598,5.0923,53.6769,6.97074,73.4772,696.838,7345.23
2012,post-monsoon,Oct-Dec,92,True,7.45,1.26163,10.0284,1.45859,11.594,1.88402,14.9757,2.16707,17.2256,3.12978,24.878,146.871,1167.45
2013,winter,Jan-Feb,59,True,186.26,1.03797,5.29114,1.18441,6.03763,1.57627,8.0352,1.8661,9.51264,2.87203,14.6405,131.687,671.287
2013,pre-monsoon,Mar-May,92,True,17.88,0.29663,2.35786,0.34087,2.7095,0.455,3.6167,0.542826,4.31482,0.845543,6.72106,40.0903,318.67
2013,monsoon,Jun-Sep,122,True,1112.97,6.74311,71.0778,7.58959,80.0004,9.3427,98.4796,10.306,108.633,13.6705,144.098,1415.66,14922.2
2013,post-monsoon,Oct-Dec,92,True,47.14,1.21565,9.66298,1.40413,11.1612,1.88402,14.9757,2.25141,17.896,3.51174,27.9141,181.903,1445.91
2014,winter,Jan-Feb,59,True,116.25,0.567288,2.89181,0.653729,3.33245,0.899831,4.58698,1.09864,5.60045,1.78661,9.10742,94.4247,481.34
2014,pre-monsoon,Mar-May,92,True,32.32,0.253696,2.01658,0.291413,2.31638,0.392717,3.12163,0.474891,3.77482,0.753913,5.9927,54.0223,429.412
2014,monsoon,Jun-Sep,122,True,517.36,0.712295,7.50816,0.782869,8.25206,0.950328,10.0172,1.05377,11.1076,1.40836,14.8452,459.489,4843.38
2014,post-monsoon,Oct-Dec,92,True,86.06,0.240435,1.91117,0.269674,2.14358,0.32663,2.59632,0.359565,2.85811,0.47,3.73594,76.635,609.156
2015,winter,Jan-Feb,59,True,118.53,0.379492,1.9345,0.426441,2.17382,0.545593,2.78122,0.635593,3.24,0.938136,4.78224,73.3485,373.901
2015,pre-monsoon,Mar-May,92,True,138.72,0.35087,2.78899,0.385761,3.06634,0.471848,3.75062,0.533261,4.23878,0.737391,5.86138,103.305,821.149
2015,monsoon,Jun-Sep,122,True,776.35,2.81311,29.6525,3.12516,32.9417,3.8491,40.5726,4.32615,45.6011,5.96402,62.8655,623.255,6569.6
2015,post-monsoon,Oct-Dec,92,True,25.04,0.67587,5.37235,0.774891,6.15946,0.976196,7.75958,1.10109,8.75232,1.5275,12.1418,82.3241,654.378
2016,winter,Jan-Feb,60,True,11.83,0.334167,1.73232,0.384167,1.99152,0.494667,2.56435,0.570833,2.9592,0.8315,4.3105,40.6255,210.603
2016,pre-monsoon,Mar-May,92,True,103.61,0.161522,1.2839,0.185543,1.47485,0.243913,1.93882,0.288913,2.29651,0.441957,3.51302,40.719,323.667
2016,monsoon,Jun-Sep,122,True,955.67,4.50656,47.5027,5.06246,53.3624,6.40762,67.5415,7.28713,76.8122,10.2502,108.046,951.934,10034.1
2016,post-monsoon,Oct-Dec,92,True,25.34,0.894565,7.11072,1.02391,8.13888,1.3763,10.94,1.6575,13.1751,2.6275,20.8855,107.492,854.434
2017,winter,Jan-Feb,59,True,44.95,0.438475,2.23517,0.499661,2.54707,0.672881,3.43008,0.811356,4.13597,1.29322,6.59232,64.1597,327.06
2017,pre-monsoon,Mar-May,92,True,50.66,0.205,1.6295,0.233696,1.8576,0.313587,2.49264,0.378696,3.01018,0.606304,4.81939,56.6108,449.988
2017,monsoon,Jun-Sep,122,True,820.85,2.5,26.352,2.77516,29.2524,3.38705,35.7022,3.74303,39.4546,4.97631,52.4543,851.826,8978.92
2017,post-monsoon,Oct-Dec,92,True,3.57,1.555,12.3604,1.78239,14.1679,2.20783,17.5496,2.44761,19.4556,3.24957,25.8301,222.048,1765.02
2018,winter,Jan-Feb,59,True,11.99,0.587966,2.99722,0.67661,3.44909,0.87661,4.46861,1.01017,5.14944,1.47136,7.50038,65.2236,332.484
2018,pre-monsoon,Mar-May,92,True,44.81,0.259457,2.06237,0.298804,2.37514,0.39163,3.11299,0.459565,3.65299,0.689565,5.48122,49.5439,393.815
2018,monsoon,Jun-Sep,122,True,920.37,4.845,51.0702,5.51697,58.1532,6.74615,71.1098,7.31934,77.1517,9.34344,98.4874,1308.92,13797
2018,post-monsoon,Oct-Dec,92,True,6.42,1.16478,9.25862,1.34033,10.654,1.77554,14.1134,2.10576,16.7383,3.22728,25.653,210.135,1670.32
2019,winter,Jan-Feb,59,True,98.99,0.456102,2.32502,0.521695,2.65939,0.701186,3.57437,0.841525,4.28976,1.3322,6.79104,108.234,551.731
2019,pre-monsoon,Mar-May,92,True,48.84,0.216196,1.7185,0.247826,1.96992,0.335217,2.66458,0.405652,3.22445,0.652717,5.18832,71.7013,569.939
2019,monsoon,Jun-Sep,122,True,795.55,1.75934,18.5449,1.94762,20.5295,2.55172,26.8972,3.03385,31.9792,4.63459,48.8523,579.887,6112.47
2019,post-monsoon,Oct-Dec,92,True,81.88,0.987935,7.8529,1.11728,8.88106,1.45435,11.5603,1.71076,13.5985,2.59717,20.6444,172.176,1368.59
2020,winter,Jan-Feb,60,True,113.08,0.644667,3.34195,0.725667,3.76186,0.94,4.87296,1.10417,5.724,1.68,8.70912,141.205,732.005
2020,pre-monsoon,Mar-May,92,True,171.24,0.556848,4.42627,0.620435,4.93171,0.787174,6.25709,0.910978,7.24118,1.34272,10.673,119.053,946.329
2020,monsoon,Jun-Sep,122,True,572.15,1.01713,10.7214,1.13549,11.969,1.43893,15.1675,1.65066,17.3992,2.34582,24.7268,456.255,4809.29
2020,post-monsoon,Oct-Dec,92,True,5.93,0.514674,4.09104,0.578804,4.6008,0.71337,5.67043,0.79837,6.34608,1.09196,8.67974,78.6272,624.992
2021,winter,Jan-Feb,59,True,17.28,0.332034,1.69258,0.376271,1.91808,0.470678,2.39933,0.534407,2.72419,0.750678,3.82666,40.5739,206.83
2021,pre-monsoon,Mar-May,92,True,118,0.368261,2.92723,0.407609,3.24,0.494783,3.93293,0.54663,4.34506,0.719457,5.71882,171.444,1362.78
2021,monsoon,Jun-Sep,122,True,831.05,1.63984,17.2852,1.83992,19.3942,2.54418,26.8177,3.16516,33.3634,5.18615,54.6661,820.922,8653.17
2021,post-monsoon,Oct-Dec,92,True,149.38,2.1838,17.3586,2.4688,19.624,3.13446,24.9152,3.58043,28.4602,5.11402,40.6503,524.563,4169.65
2022,winter,Jan-Feb,59,True,178.17,1.14339,5.82854,1.30322,6.6433,1.67729,8.55014,1.92763,9.82627,2.80729,14.3104,154.071,785.392
2022,pre-monsoon,Mar-May,92,True,23.54,0.561522,4.46342,0.639457,5.08291,0.831087,6.60614,0.97087,7.71725,1.45391,11.5569,99.8216,793.462
2022,monsoon,Jun-Sep,122,True,715.76,2.09877,22.1227,2.30787,24.3268,2.78197,29.3242,3.03041,31.9429,3.85107,40.5933,557.888,5880.59
2022,post-monsoon,Oct-Dec,92,True,211.17,3.87391,30.793,4.34859,34.566,5.11141,40.6296,5.41891,43.0739,6.48359,51.5367,720.107,5723.98
2023,winter,Jan-Feb,59,True,37.11,0.775085,3.95107,0.894068,4.5576,1.11407,5.67907,1.22898,6.26486,1.6278,8.29786,79.3264,404.374
2023,pre-monsoon,Mar-May,92,True,172.08,0.375,2.9808,0.42913,3.41107,0.551304,4.38221,0.636848,5.06218,0.926196,7.36214,73.3237,582.835
2023,monsoon,Jun-Sep,122,True,853.71,2.7627,29.1211,3.1018,32.6955,4.04148,42.6004,4.76639,50.2416,7.23508,76.2636,637.444,6719.17
2023,post-monsoon,Oct-Dec,92,True,4.35,1.05413,8.37907,1.21054,9.62237,1.62772,12.9384,1.95348,15.5278,3.07663,24.4555,134.5,1069.12
2024,winter,Jan-Feb,60,True,30.85,0.525167,2.72246,0.603833,3.13027,0.8145,4.22237,0.975833,5.05872,1.53883,7.97731,65.2707,338.363
2024,pre-monsoon,Mar-May,92,True,48.63,0.323696,2.57299,0.364783,2.89958,0.470543,3.74026,0.55,4.37184,0.824457,6.55344,61.5322,489.107
2024,monsoon,Jun-Sep,122,True,1023.65,4.49738,47.406,5.02336,52.9502,6.33066,66.7302,7.21689,76.0717,10.3322,108.91,1003.52,10577.9
2024,post-monsoon,Oct-Dec,92,True,26.83,1.74424,13.8646,2.02435,16.0911,2.77348,22.0458,3.3725,26.8073,5.41565,43.0479,192.598,1530.92
2025,winter,Jan-Feb,59,True,15.15,0.574407,2.9281,0.665932,3.39466,0.920169,4.69066,1.12237,5.72141,1.82712,9.31392,69.6061,354.824
2025,pre-monsoon,Mar-May,92,True,85.73,0.283152,2.25072,0.327609,2.6041,0.450217,3.57869,0.549022,4.36406,0.888261,7.06061,73.9478,587.796
2025,monsoon,Jun-Sep,122,True,1047.38,5.35648,56.4615,6.06607,63.9412,7.88385,83.1021,9.14623,96.4086,13.5465,142.791,1145.72,12076.8
2025,post-monsoon,Oct-Dec,92,True,43.83,1.33511,10.6125,1.53652,12.2135,2.06707,16.4307,2.48772,19.7744,3.92478,31.1973,182.897,1453.81
2026,winter,Jan-Feb,59,True,39.57,0.557797,2.84342,0.643898,3.28234,0.874576,4.45824,1.05492,5.37754,1.68119,8.57002,77.0771,392.908
2026,pre-monsoon,Mar-May,92,True,90.55,0.266413,2.11766,0.30663,2.43734,0.421522,3.35059,0.516848,4.10832,0.843587,6.7055,64.8949,515.837
2026,monsoon,Jun-Sep,116,False,830.44,2.7375,27.4363,3.06069,30.6755,3.92319,39.3198,4.51647,45.2658,6.57905,65.9379,815.47,8172.96
