segment,unit,series,period,n,mean,slope_per_year,pct_per_decade,tau,p,lag1,p_persist,reading
above,m3/s,year,1985-2025,41,1.62275,0.00984566,6.06728,0.0926829,0.399567,-0.233004,0.399567,no trend detected
above,m3/s,year,1950-2025,76,1.92748,-0.0139146,-7.21908,-0.207719,0.00803601,-0.148482,0.00803601,clear fall
above,m3/s,winter (Jan-Feb),1985-2026,42,0.473231,0.00662631,14.0023,0.360256,0.000811184,-0.0232506,0.000811184,clear rise
above,m3/s,winter (Jan-Feb),1950-2026,77,0.489822,0.00126917,2.59108,0.126132,0.105535,0.0728404,0.105535,no trend detected
above,m3/s,pre-monsoon (Mar-May),1985-2026,42,0.232588,0.00475155,20.4291,0.514518,1.66677e-06,0.138651,1.66677e-06,clear rise
above,m3/s,pre-monsoon (Mar-May),1950-2026,77,0.217504,0.00162525,7.47225,0.319207,4.06735e-05,0.390538,0.00627315,clear rise
above,m3/s,monsoon (Jun-Sep),1985-2025,41,3.5043,0.00782901,2.23412,0.0317073,0.778865,-0.224131,0.778865,no trend detected
above,m3/s,monsoon (Jun-Sep),1950-2025,76,4.11282,-0.0239451,-5.82205,-0.16,0.0412894,-0.212972,0.0412894,likely fall
above,m3/s,post-monsoon (Oct-Dec),1985-2025,41,1.26078,0.0111798,8.86737,0.146341,0.181353,-0.0196298,0.181353,no trend detected
above,m3/s,post-monsoon (Oct-Dec),1950-2025,76,1.66699,-0.00893974,-5.3628,-0.157895,0.0440408,0.229168,0.109651,no trend detected
above,m3/s,lowest 7-day flow,1985-2025,41,0.0867596,0.00238095,27.4431,0.578755,1.07612e-07,-0.165781,1.07612e-07,clear rise
above,m3/s,lowest 7-day flow,1950-2025,76,0.0765414,0.000892857,11.665,0.389853,7.13327e-07,0.358387,0.000612893,clear rise
above,m3/s,highest daily flow,1985-2025,41,51.8873,-0.251976,-4.85622,-0.0487805,0.661353,-0.110122,0.661353,no trend detected
above,m3/s,highest daily flow,1950-2025,76,67.0772,-0.389407,-5.80535,-0.157193,0.0449916,0.0436316,0.0449916,likely fall
entering,m3/s,year,1985-2025,41,1.82985,0.0119384,6.52424,0.1,0.362935,-0.228806,0.362935,no trend detected
entering,m3/s,year,1950-2025,76,2.17846,-0.0156204,-7.17035,-0.202807,0.00966009,-0.146678,0.00966009,clear fall
entering,m3/s,winter (Jan-Feb),1985-2026,42,0.540753,0.00776271,14.3554,0.361208,0.00078058,-0.0215357,0.00078058,clear rise
entering,m3/s,winter (Jan-Feb),1950-2026,77,0.559385,0.00140243,2.50709,0.116561,0.1348,0.0713327,0.1348,no trend detected
entering,m3/s,pre-monsoon (Mar-May),1985-2026,42,0.263649,0.00546314,20.7212,0.512195,1.85648e-06,0.137361,1.85648e-06,clear rise
entering,m3/s,pre-monsoon (Mar-May),1950-2026,77,0.246352,0.00186598,7.57443,0.32,3.91403e-05,0.385439,0.00586451,clear rise
entering,m3/s,monsoon (Jun-Sep),1985-2025,41,3.93396,0.00809377,2.05741,0.0317073,0.778865,-0.222117,0.778865,no trend detected
entering,m3/s,monsoon (Jun-Sep),1950-2025,76,4.62637,-0.0266932,-5.76978,-0.157193,0.0449916,-0.212326,0.0449916,likely fall
entering,m3/s,post-monsoon (Oct-Dec),1985-2025,41,1.43926,0.012808,8.899,0.14878,0.174126,-0.0266817,0.174126,no trend detected
entering,m3/s,post-monsoon (Oct-Dec),1950-2025,76,1.90911,-0.0103444,-5.41841,-0.156491,0.0459597,0.230363,0.113298,no trend detected
entering,m3/s,lowest 7-day flow,1985-2025,41,0.0986411,0.00276488,28.0297,0.574574,1.37088e-07,-0.174149,1.37088e-07,clear rise
entering,m3/s,lowest 7-day flow,1950-2025,76,0.0868233,0.00104396,12.0239,0.381123,1.23651e-06,0.36345,0.000861944,clear rise
entering,m3/s,highest daily flow,1985-2025,41,54.3434,-0.275758,-5.07435,-0.0707317,0.522029,-0.127499,0.522029,no trend detected
entering,m3/s,highest daily flow,1950-2025,76,71.0662,-0.435407,-6.12679,-0.169825,0.0302968,0.0628427,0.0302968,likely fall
khajuria,m3/s,year,1985-2025,41,2.30401,0.0179546,7.79275,0.114634,0.296222,-0.203915,0.296222,no trend detected
khajuria,m3/s,year,1950-2025,76,2.7664,-0.0202023,-7.30274,-0.202807,0.00966009,-0.130325,0.00966009,clear fall
khajuria,m3/s,winter (Jan-Feb),1985-2026,42,0.701637,0.0104306,14.866,0.341662,0.00149557,-0.0436138,0.00149557,clear rise
khajuria,m3/s,winter (Jan-Feb),1950-2026,77,0.728966,0.00146026,2.0032,0.0912665,0.242017,0.0680578,0.242017,no trend detected
khajuria,m3/s,pre-monsoon (Mar-May),1985-2026,42,0.340681,0.00744565,21.8552,0.52381,1.07807e-06,0.113024,1.07807e-06,clear rise
khajuria,m3/s,pre-monsoon (Mar-May),1950-2026,77,0.319788,0.00237699,7.43302,0.311005,6.38635e-05,0.366759,0.00621017,clear rise
khajuria,m3/s,monsoon (Jun-Sep),1985-2025,41,4.92146,0.0144848,2.94319,0.0463415,0.677716,-0.202877,0.677716,no trend detected
khajuria,m3/s,monsoon (Jun-Sep),1950-2025,76,5.82187,-0.0338065,-5.80682,-0.160702,0.0404053,-0.198138,0.0404053,likely fall
khajuria,m3/s,post-monsoon (Oct-Dec),1985-2025,41,1.83378,0.0195005,10.6341,0.167175,0.126602,-0.039284,0.126602,no trend detected
khajuria,m3/s,post-monsoon (Oct-Dec),1950-2025,76,2.4765,-0.0146312,-5.90802,-0.163187,0.0374342,0.237841,0.101348,no trend detected
khajuria,m3/s,lowest 7-day flow,1985-2025,41,0.130523,0.00374313,28.678,0.573171,1.38084e-07,-0.172493,1.38084e-07,clear rise
khajuria,m3/s,lowest 7-day flow,1950-2025,76,0.114737,0.0013402,11.6806,0.383562,9.91367e-07,0.359905,0.000736578,clear rise
khajuria,m3/s,highest daily flow,1985-2025,41,62.9866,-0.229231,-3.63936,-0.052471,0.63709,-0.131313,0.63709,no trend detected
khajuria,m3/s,highest daily flow,1950-2025,76,83.8805,-0.57013,-6.79692,-0.18954,0.0156323,0.0614595,0.0156323,likely fall
below,m3/s,year,1985-2025,41,2.60837,0.0215031,8.24388,0.131707,0.229434,-0.18323,0.229434,no trend detected
below,m3/s,year,1950-2025,76,3.15533,-0.0229047,-7.25904,-0.207018,0.00825195,-0.111293,0.00825195,clear fall
below,m3/s,winter (Jan-Feb),1985-2026,42,0.815194,0.0130611,16.0221,0.358885,0.000844093,-0.0694977,0.000844093,clear rise
below,m3/s,winter (Jan-Feb),1950-2026,77,0.850903,0.00137795,1.6194,0.0710868,0.362585,0.0648356,0.362585,no trend detected
below,m3/s,pre-monsoon (Mar-May),1985-2026,42,0.396584,0.00891304,22.4745,0.537747,5.53212e-07,0.0930931,5.53212e-07,clear rise
below,m3/s,pre-monsoon (Mar-May),1950-2026,77,0.374328,0.00269321,7.19478,0.282003,0.000289812,0.351676,0.0116291,likely rise
below,m3/s,monsoon (Jun-Sep),1985-2025,41,5.53591,0.0188443,3.40401,0.0682927,0.536736,-0.185349,0.536736,no trend detected
below,m3/s,monsoon (Jun-Sep),1950-2025,76,6.58207,-0.0406858,-6.18131,-0.162807,0.0378486,-0.184515,0.0378486,likely fall
below,m3/s,post-monsoon (Oct-Dec),1985-2025,41,2.1004,0.0242395,11.5405,0.17561,0.108237,-0.0467893,0.108237,no trend detected
below,m3/s,post-monsoon (Oct-Dec),1950-2025,76,2.88057,-0.0181428,-6.29833,-0.172632,0.0276606,0.242768,0.0845704,weak sign of a fall
below,m3/s,lowest 7-day flow,1985-2025,41,0.153833,0.00428571,27.8596,0.574741,1.29647e-07,-0.160528,1.29647e-07,clear rise
below,m3/s,lowest 7-day flow,1950-2025,76,0.135113,0.00149941,11.0975,0.369096,2.48481e-06,0.34724,0.000983424,clear rise
below,m3/s,highest daily flow,1985-2025,41,67.919,-0.262679,-3.86753,-0.0439024,0.694232,-0.140383,0.694232,no trend detected
below,m3/s,highest daily flow,1950-2025,76,89.4467,-0.650553,-7.27308,-0.197895,0.0115706,0.0297335,0.0115706,likely fall
mouth,m3/s,year,1985-2025,41,3.65741,0.0338977,9.26823,0.153659,0.160321,-0.135668,0.160321,no trend detected
mouth,m3/s,year,1950-2025,76,4.50072,-0.0354924,-7.88593,-0.214035,0.00630888,-0.0736692,0.00630888,clear fall
mouth,m3/s,winter (Jan-Feb),1985-2026,42,1.20715,0.0206038,17.0681,0.351916,0.00106453,-0.0941947,0.00106453,clear rise
mouth,m3/s,winter (Jan-Feb),1950-2026,77,1.27229,0.00134508,1.05721,0.0471634,0.546796,0.0611929,0.546796,no trend detected
mouth,m3/s,pre-monsoon (Mar-May),1985-2026,42,0.588659,0.0137174,23.3028,0.505226,2.55831e-06,0.0558078,2.55831e-06,clear rise
mouth,m3/s,pre-monsoon (Mar-May),1950-2026,77,0.56144,0.00364221,6.48726,0.219412,0.00481263,0.31456,0.0408443,likely rise
mouth,m3/s,monsoon (Jun-Sep),1985-2025,41,7.66268,0.0421063,5.49499,0.102439,0.351207,-0.14223,0.351207,no trend detected
mouth,m3/s,monsoon (Jun-Sep),1950-2025,76,9.22535,-0.058675,-6.3602,-0.158596,0.0431069,-0.150202,0.0431069,likely fall
mouth,m3/s,post-monsoon (Oct-Dec),1985-2025,41,3.00779,0.0430137,14.3007,0.2,0.0671295,-0.0536115,0.0671295,weak sign of a rise
mouth,m3/s,post-monsoon (Oct-Dec),1950-2025,76,4.26209,-0.0312278,-7.32686,-0.18386,0.0189974,0.243124,0.0662858,weak sign of a fall
mouth,m3/s,lowest 7-day flow,1985-2025,41,0.235889,0.00632456,26.8117,0.5723,1.46521e-07,-0.132968,1.46521e-07,clear rise
mouth,m3/s,lowest 7-day flow,1950-2025,76,0.207669,0.00217267,10.4622,0.342867,1.20176e-05,0.32081,0.00161169,clear rise
mouth,m3/s,highest daily flow,1985-2025,41,90.7412,-0.0573018,-0.631486,-0.0097561,0.937332,-0.0604012,0.937332,no trend detected
mouth,m3/s,highest daily flow,1950-2025,76,117.443,-0.810139,-6.89815,-0.202807,0.00966009,-0.023003,0.00966009,clear fall
ramganga,m3/s,year,1985-2025,41,367.92,0.319045,0.867158,0.0195122,0.866206,-0.206442,0.866206,no trend detected
ramganga,m3/s,year,1950-2025,76,417.092,-2.80722,-6.73046,-0.262456,0.000807558,-0.0604695,0.000807558,clear fall
ramganga,m3/s,winter (Jan-Feb),1985-2026,42,73.7273,0.595698,8.07975,0.182346,0.090907,-0.177817,0.090907,weak sign of a rise
ramganga,m3/s,winter (Jan-Feb),1950-2026,77,79.1057,-0.00974837,-0.123232,-0.00888585,0.912443,0.10764,0.912443,no trend detected
ramganga,m3/s,pre-monsoon (Mar-May),1985-2026,42,61.7579,0.419728,6.79635,0.1777,0.0994999,0.333803,0.240097,no trend detected
ramganga,m3/s,pre-monsoon (Mar-May),1950-2026,77,60.4743,0.229924,3.802,0.161312,0.0383025,0.528655,0.24546,no trend detected
ramganga,m3/s,monsoon (Jun-Sep),1985-2025,41,875.352,-2.33712,-2.66992,-0.0609756,0.582069,-0.201405,0.582069,no trend detected
ramganga,m3/s,monsoon (Jun-Sep),1950-2025,76,991.929,-6.25098,-6.30184,-0.238596,0.0023251,-0.103852,0.0023251,clear fall
ramganga,m3/s,post-monsoon (Oct-Dec),1985-2025,41,190.808,1.77708,9.31346,0.180488,0.0987192,0.158675,0.0987192,weak sign of a rise
ramganga,m3/s,post-monsoon (Oct-Dec),1950-2025,76,229.163,-0.814246,-3.55313,-0.124912,0.111356,0.228549,0.205634,no trend detected
ramganga,m3/s,lowest 7-day flow,1985-2025,41,20.1642,0.248242,12.311,0.268293,0.0139017,0.183687,0.0139017,likely rise
ramganga,m3/s,lowest 7-day flow,1950-2025,76,19.5961,0.0835979,4.26605,0.149474,0.0566416,0.452812,0.238542,no trend detected
ramganga,m3/s,highest daily flow,1985-2025,41,4481.17,-7.33591,-1.63705,-0.0414634,0.710895,0.175263,0.710895,no trend detected
ramganga,m3/s,highest daily flow,1950-2025,76,5282.53,-43.2713,-8.19138,-0.244211,0.00182715,0.032972,0.00182715,clear fall
weather,mm,rain of the year,1985-2025,41,1062.29,1.74732,1.64486,0.0707317,0.522029,-0.174378,0.522029,no trend detected
weather,mm,rain of the year,1950-2025,76,1169.55,-5.37084,-4.59223,-0.284912,0.000275594,-0.194165,0.000275594,clear fall
weather,mm,rain of the monsoon (Jun-Sep),1985-2025,41,879.575,0.833324,0.947417,0.0341463,0.76169,-0.174029,0.76169,no trend detected
weather,mm,rain of the monsoon (Jun-Sep),1950-2025,76,959.253,-3.51967,-3.66918,-0.231579,0.00312139,-0.124414,0.00312139,clear fall
weather,mm,rain of the dry months (Jan-May),1985-2026,42,129.343,0.727059,5.62115,0.103368,0.34024,0.0818014,0.34024,no trend detected
weather,mm,rain of the dry months (Jan-May),1950-2026,77,132.11,0.0955046,0.722916,0.0273411,0.728241,0.308924,0.799803,no trend detected
weather,mm,evaporative demand of the year,1985-2025,41,1616.55,-5.66812,-3.5063,-0.485366,8.23124e-06,-0.0445282,8.23124e-06,clear fall
weather,mm,evaporative demand of the year,1950-2025,76,1646.27,-2.53198,-1.53802,-0.314386,5.97108e-05,0.329799,0.00418907,clear fall
weather,mm,evaporative demand of the pre-monsoon (Mar-May),1985-2026,42,607.908,-2.455,-4.03844,-0.391405,0.000271199,-0.0515892,0.000271199,clear fall
weather,mm,evaporative demand of the pre-monsoon (Mar-May),1950-2026,77,623.64,-1.36919,-2.19548,-0.348599,7.39902e-06,0.306857,0.00104357,clear fall
