year,water_year,days,complete,note,rain_mm,et0_mm,above_mean_m3s,above_volume_mcm,above_peak_day_m3s,entering_mean_m3s,entering_volume_mcm,entering_peak_day_m3s,below_mean_m3s,below_volume_mcm,below_peak_day_m3s,mouth_mean_m3s,mouth_volume_mcm,mouth_peak_day_m3s,ramganga_mean_m3s,ramganga_volume_mcm,ramganga_peak_day_m3s,mouth_runoff_mm,mouth_runoff_pct_of_rain,mouth_volume_10yr_mcm
1939,1939-40,152,False,"warm-up year, left out of statistics, part year (from 01 Jan 1940)",179.25,836.88,0.167105,2.19456,0.52,0.191053,2.50906,0.55,0.280329,3.6815,0.81,0.401711,5.27558,1.29,36.2675,476.294,118.73,14.2008,,
1940,1940-41,365,True,"warm-up year, left out of statistics",682.85,1901.69,0.25663,8.09309,8.53,0.284822,8.98214,9.37,0.38263,12.0666,11.96,0.494904,15.6073,20.76,194.504,6133.88,3916.75,42.0116,6.15239,
1941,1941-42,365,True,"warm-up year, left out of statistics",780.52,1817.46,0.26989,8.51126,32.16,0.299068,9.43142,31.65,0.401151,12.6507,33.87,0.499945,15.7663,36.78,191.237,6030.84,1254.98,42.4395,5.43734,
1942,1942-43,365,True,,1245.72,1748.5,2.00334,63.1774,58.33,2.25932,71.2498,59.26,3.16096,99.684,53.85,4.35005,137.183,58.79,455.332,14359.4,5911.28,369.269,29.643,
1943,1943-44,366,True,,1376.79,1626.86,2.93945,92.9526,51.8,3.32314,105.086,52.97,4.72519,149.422,72.43,6.6065,208.913,96.05,684.195,21635.9,5985.38,562.351,40.8451,
1944,1944-45,365,True,,899.75,1935.05,1.16318,36.682,58.07,1.30767,41.2387,63.07,1.85408,58.4703,77.92,2.58282,81.4519,82.22,327.531,10329,3254.19,219.251,24.368,
1945,1945-46,365,True,,1025.31,1849.46,1.53137,48.2933,42.22,1.71378,54.0458,48.9,2.28767,72.144,55.74,2.9751,93.8226,51.39,424.591,13389.9,2755.56,252.551,24.6317,
1946,1946-47,365,True,,806.91,1824.09,0.639068,20.1537,17.97,0.726247,22.9029,21.13,1.10781,34.9358,41.15,1.63367,51.5195,69.66,184.315,5812.55,2075.64,138.68,17.1865,
1947,1947-48,366,True,,1142.28,1741.17,2.10041,66.42,33.92,2.34443,74.1364,41.16,3.08385,97.5188,50.61,3.93044,124.29,41.98,461.722,14600.7,3115.94,334.562,29.289,
1948,1948-49,365,True,,1479.53,1491.31,1.83532,57.8785,20.92,2.06652,65.1698,21.3,2.91471,91.9184,28.37,4.05625,127.918,40.19,520.954,16428.8,8815.63,344.328,23.2728,
1949,1949-50,365,True,,1104.56,1692.14,1.73921,54.8476,34.14,1.96523,61.9756,37.37,2.7671,87.2631,45.96,3.82877,120.744,38.31,482.762,15224.4,5400.16,325.017,29.4251,
1950,1950-51,365,True,,1845.62,1464.36,4.12748,130.164,64.78,4.68219,147.658,69.97,6.66877,210.306,90.39,9.36208,295.243,124.23,722.964,22799.4,4837.17,794.731,43.0604,
1951,1951-52,366,True,,1239.11,1451.8,0.863852,27.3171,17.67,0.960984,30.3886,20.5,1.41096,44.6178,30.53,2.04309,64.6073,51.15,307.52,9724.53,2154.43,173.909,14.035,130.569
1952,1952-53,365,True,,1214.01,1467.68,2.01455,63.5308,40.24,2.27378,71.706,38.71,3.16395,99.7782,51.78,4.31655,136.127,52.61,427.499,13481.6,3659.02,366.424,30.183,130.464
1953,1953-54,365,True,,1589.14,1545.1,2.6609,83.9143,47.79,3.00827,94.8689,54.76,4.60321,145.167,71.75,6.98789,220.37,92.9,693.681,21875.9,12743.6,593.19,37.3277,131.609
1954,1954-55,365,True,,1317.93,1796.64,2.14608,67.6788,46.63,2.42326,76.4199,49.95,3.61203,113.909,62.76,5.33356,168.199,70.98,587.951,18541.6,7356.43,452.757,34.3536,140.284
1955,1955-56,366,True,,1327.36,1708.75,2.17844,68.8876,35.47,2.45978,77.7842,35.61,3.74683,118.484,41.27,5.64888,178.631,56.76,527.546,16682.3,6106.41,480.838,36.2251,148.765
1956,1956-57,365,True,,1441.36,1705.97,2.90553,91.6289,61.97,3.28055,103.455,66.59,4.90556,154.702,94.79,7.26762,229.192,143.35,693.46,21869,9893.67,616.936,42.8023,166.532
1957,1957-58,365,True,,1340.56,1766.95,2.58627,81.5607,182.23,2.93427,92.5353,191.46,4.72718,149.076,239.91,7.47175,235.629,316.17,418.394,13194.5,6778.53,634.264,47.3134,177.666
1958,1958-59,365,True,,1812.27,1706.61,4.98118,157.086,205.35,5.63956,177.849,242.76,8.17756,257.888,324.84,11.7173,369.516,317.61,722.509,22785,12333.1,994.661,54.8848,201.826
1959,1959-60,366,True,,1329.68,1728.45,3.16052,99.9432,251.18,3.58811,113.465,260.82,4.81975,152.412,258.34,6.28973,198.896,295.5,624.551,19749.8,7511.57,535.387,40.2643,209.641
1960,1960-61,365,True,,1561.12,1692.04,2.9331,92.4981,38.54,3.31811,104.64,43.87,5.01778,158.241,54.4,7.52619,237.346,80.13,629.183,19841.9,7254.64,638.886,40.9248,203.851
1961,1961-62,365,True,,1515.72,1567.08,2.98786,94.2252,78.12,3.41063,107.558,89.49,5.19066,163.693,130.26,7.75082,244.43,199.67,654.89,20652.6,8241.57,657.954,43.4087,221.834
1962,1962-63,365,True,,1351.33,1735.24,2.91855,92.0393,157.59,3.31164,104.436,158.06,5.00233,157.753,189.68,7.47063,235.594,219.01,584.061,18419,6761.94,634.169,46.9292,231.78
1963,1963-64,366,True,,1218.84,1778.9,2.2844,72.2382,89.82,2.58484,81.7387,93.47,3.9182,123.903,113.65,5.84139,184.719,146.42,538.475,17027.9,6698.02,497.224,40.7949,228.215
1964,1964-65,365,True,,1748.31,1764.57,4.37384,137.933,354.65,5.02233,158.384,384.17,7.50362,236.634,424.79,10.9487,345.277,481.17,686.814,21659.4,10125.9,929.413,53.1606,245.923
1965,1965-66,365,True,,738.18,1950.31,0.578493,18.2434,25.67,0.645945,20.3705,25.7,0.980301,30.9148,27.25,1.44159,45.462,37.87,195.663,6170.42,2797.67,122.374,16.5778,232.606
1966,1966-67,365,True,,1078.43,1827.29,1.42959,45.0835,77.39,1.59542,50.3133,78.22,2.22715,70.2354,86.67,3.08419,97.2631,97.12,361.434,11398.2,7671.43,261.812,24.2771,219.413
1967,1967-68,366,True,,1521.06,1642.51,2.8368,89.7065,56.99,3.2144,101.647,61.59,4.80516,151.951,102.66,7.08377,224.006,146.2,602.953,19066.8,8526.93,602.977,39.6419,218.251
1968,1968-69,365,True,,1115.87,1703.46,1.51216,47.6876,47.76,1.71742,54.1607,54.37,2.50468,78.9877,78.14,3.57192,112.644,122.12,313.125,9874.71,3504.17,303.214,27.1729,192.564
1969,1969-70,365,True,,1332.25,1647.25,2.78904,87.9552,119.64,3.17329,100.073,129.9,4.73942,149.462,195.62,6.98296,220.215,276.68,467.986,14758.4,6997.03,592.771,44.494,194.695
1970,1970-71,365,True,,1113.46,1528.9,1.0746,33.8887,10.27,1.2017,37.8968,10.05,1.54584,48.7495,9.77,1.92384,60.6701,12.62,339.495,10706.3,2604.47,163.311,14.667,177.028
1971,1971-72,366,True,,1476.48,1610.78,3.24456,102.601,47.94,3.67235,116.129,56.12,5.27577,166.832,73.97,7.48117,236.573,91.06,676.187,21382.7,7946.56,636.804,43.1299,176.242
1972,1972-73,365,True,,1070.31,1780.01,1.20564,38.0212,78.49,1.34912,42.546,85.18,1.91975,60.5413,111.53,2.70493,85.3027,160.57,326.017,10281.3,6924.05,229.617,21.4533,161.213
1973,1973-74,365,True,,1501.79,1662.96,3.74929,118.238,117.29,4.2577,134.271,119.26,5.86296,184.894,150.57,7.86932,248.167,142.77,635.332,20035.8,6247.32,668.013,44.4811,167.558
1974,1974-75,365,True,,1006.6,1749.79,1.07238,33.8187,59.95,1.19696,37.7473,61.73,1.73479,54.7085,72.75,2.49929,78.8175,92.15,296.877,9362.33,4451.63,212.16,21.0769,140.912
1975,1975-76,366,True,,1452.19,1704.78,3.05415,96.5796,54.96,3.46902,109.699,56.56,5.15967,163.161,69.9,7.55839,239.014,120.07,634.581,20067,9308.66,643.376,44.3039,160.267
1976,1976-77,365,True,,1377.33,1695.01,2.8186,88.8875,84.2,3.19014,100.604,87.9,4.62364,145.811,108.06,6.59082,207.848,142.59,501.898,15827.9,6121.5,559.484,40.6209,171.326
1977,1977-78,365,True,,1093.54,1612.87,1.40255,44.2308,27.39,1.58301,49.9219,28.42,2.16468,68.2655,42.38,2.88468,90.9714,68.24,287.817,9076.59,1861.31,244.876,22.393,158.022
1978,1978-79,365,True,,1417.52,1600.7,2.97627,93.8598,197.05,3.37981,106.586,204.65,4.78567,150.921,218.21,6.60532,208.305,269.39,452.943,14284,7871.72,560.714,39.556,167.588
1979,1979-80,366,True,,561.78,1890.16,0.476557,15.0699,31.77,0.517486,16.3642,39.02,0.645383,20.4085,44.2,0.769617,24.3372,37.25,190.684,6029.9,3294.81,65.5105,11.6612,148.001
1980,1980-81,365,True,,1146.73,1595.17,1.06085,33.4549,33.93,1.1934,37.635,35.15,1.89627,59.8009,68.8,2.94603,92.9059,132.61,314.663,9923.2,4629.38,250.083,21.8084,151.224
1981,1981-82,365,True,,1048.28,1636.15,1.18997,37.527,15.13,1.35814,42.8302,16.21,2.07485,65.4324,49.39,3.08011,97.1343,105.94,274.147,8645.5,3286.25,261.465,24.9423,137.28
1982,1982-83,365,True,,1034.62,1659.77,1.04342,32.9054,56.59,1.16482,36.7338,58.24,1.63515,51.5661,74.82,2.25679,71.1703,116.41,227.868,7186.05,2635.93,191.575,18.5165,135.867
1983,1983-84,366,True,,1361.06,1752.87,2.16587,68.4901,108.12,2.45486,77.6287,114.49,3.9265,124.165,183.47,6.1353,194.013,307.81,424.604,13427,6055.21,522.242,38.3702,130.452
1984,1984-85,365,True,,910.65,1808,1.13178,35.6918,44.75,1.28296,40.4594,49.16,1.8489,58.307,65.97,2.59485,81.8312,78.14,253.852,8005.46,2552.89,220.272,24.1885,130.753
1985,1985-86,365,True,,1517.81,1668.44,2.92868,92.359,171.28,3.34255,105.411,185.4,5.1389,162.06,278.83,7.75115,244.44,425.9,430.983,13591.5,5416.97,657.982,43.3507,131.296
1986,1986-87,365,True,,875.24,1690.02,0.550904,17.3733,25.25,0.597562,18.8447,26.9,0.858027,27.0588,36.74,1.24156,39.1539,73.41,266.377,8400.47,3278.9,105.394,12.0417,114.426
1987,1987-88,366,True,,467.27,1931.07,0.0900273,2.84688,7.52,0.0995902,3.14928,7.53,0.160027,5.06045,11.81,0.244754,7.73971,19.3,103.098,3260.2,1630.09,20.8337,4.4586,106.103
1988,1988-89,365,True,,1218.78,1751.5,1.98449,62.583,66.9,2.22918,70.2994,77.75,3.11392,98.2005,106.06,4.29885,135.569,146.35,549.494,17328.8,7462.43,364.922,29.9416,98.8294
1989,1989-90,365,True,,985.14,1604.24,0.614438,19.3769,18.14,0.671973,21.1913,16.67,0.949315,29.9376,22.21,1.33844,42.209,26.34,362.239,11423.6,7587.39,113.618,11.5332,100.617
1990,1990-91,365,True,,1349.17,1694.18,2.42151,76.3646,112.51,2.73921,86.3836,115.92,3.844,121.224,146.56,5.27641,166.397,199.86,516.474,16287.5,6611.18,447.906,33.1986,107.966
1991,1991-92,366,True,,888.25,1708.23,0.844645,26.7097,16.7,0.951639,30.0931,16.92,1.3382,42.317,31.11,1.82828,57.8146,55.54,224.606,7102.58,1782.83,155.625,17.5204,104.034
1992,1992-93,365,True,,1059.16,1658.97,1.39751,44.0718,100.25,1.56619,49.3914,100.98,2.04816,64.5909,119.55,2.59808,81.9331,128.86,283.396,8937.17,2995.21,220.547,20.8228,105.11
1993,1993-94,365,True,,1052.51,1705.78,2.07775,65.524,100.01,2.33005,73.4806,108.72,3.03255,95.6344,132.95,3.80614,120.03,138.24,408.026,12867.5,8396.08,323.096,30.6977,97.7117
1994,1994-95,365,True,,967.14,1728.62,1.31726,41.5411,68.24,1.4497,45.7177,63.91,1.82973,57.7022,60.47,2.2574,71.1893,63.97,377.351,11900.1,4171.26,191.627,19.8137,96.6476
1995,1995-96,366,True,,982.33,1679.63,1.10984,35.0957,40.62,1.22426,38.7141,40.44,1.63833,51.808,45.04,2.18697,69.1572,52.67,400.973,12679.7,4613.13,186.157,18.9505,79.1192
1996,1996-97,365,True,,1445.31,1554.08,3.21592,101.417,63.54,3.6663,115.62,67.13,5.44436,171.693,83.09,7.94263,250.479,103.81,543.579,17142.3,4813.56,674.236,46.6499,100.252
1997,1997-98,365,True,,1185.22,1460.61,1.02942,32.4639,19.49,1.15655,36.4729,21.29,1.74052,54.8891,22.81,2.57052,81.0639,30.28,311.722,9830.48,2073.61,218.207,18.4107,107.584
1998,1998-99,365,True,,1179.66,1635.17,2.57299,81.1417,58.9,2.89745,91.374,59.75,4.05118,127.758,73.69,5.55781,175.271,70.47,395.599,12475.6,2632.16,471.793,39.994,111.554
1999,1999-00,366,True,,1078.09,1574.11,1.46265,46.2525,61.07,1.64454,52.0042,59.19,2.24852,71.1037,63.79,3.00112,94.9026,67.61,365.04,11543.4,4676.19,255.458,23.6954,116.824
2000,2000-01,365,True,,929.2,1554.27,1.40216,44.2187,16.53,1.58636,50.0273,18.1,2.14419,67.6192,19.11,2.82005,88.9332,23.78,406.436,12817.4,3876.88,239.39,25.763,109.077
2001,2001-02,365,True,,869.11,1554.01,0.761973,24.0296,9.66,0.856192,27.0009,11.5,1.12762,35.5605,13.3,1.43644,45.2995,15.14,240.802,7593.94,2652.94,121.937,14.0301,107.826
2002,2002-03,365,True,,1023.34,1613.53,1.38504,43.6787,24.46,1.57737,49.7439,28.24,2.23992,70.638,39.88,3.10444,97.9016,72.99,314.252,9910.26,4289.85,263.53,25.752,109.423
2003,2003-04,366,True,,1400.1,1589.02,3.2865,103.927,72.15,3.72943,117.933,83.68,5.56669,176.032,104.31,8.21131,259.661,140.67,455.483,14403.5,4587.48,698.954,49.9217,123.386
2004,2004-05,365,True,,914.47,1629.1,0.75274,23.7384,26.58,0.843014,26.5853,31.19,1.18562,37.3896,38.54,1.62351,51.1989,43.3,209.832,6617.25,2940.28,137.817,15.0707,121.387
2005,2005-06,365,True,,950,1687.25,1.50277,47.3913,67.26,1.68904,53.2656,64.45,2.1857,68.9282,106.61,2.71184,85.5204,133.61,354.438,11177.6,4748.67,230.203,24.2319,123.023
2006,2006-07,365,True,,907.84,1616.8,0.839425,26.4721,51.19,0.93189,29.3881,58.35,1.26666,39.9453,71.86,1.67649,52.8699,67.72,250.468,7898.77,2867.96,142.315,15.6762,103.262
2007,2007-08,366,True,,873.43,1614.05,0.889973,28.1431,12.05,0.992186,31.3753,14.32,1.28257,40.5579,23.04,1.61022,50.919,45.5,285.795,9037.52,3960.47,137.063,15.6925,100.248
2008,2008-09,365,True,,1263.62,1571.17,2.99827,94.5536,66.12,3.39244,106.984,76.76,4.76277,150.199,92.45,6.58756,207.745,107.29,566.747,17872.9,9080.39,559.207,44.2544,103.495
2009,2009-10,365,True,,1001.83,1717.25,1.33433,42.0794,70.77,1.49934,47.2833,71.94,2.11066,66.5617,58.69,2.87647,90.7122,84.43,344.812,10874,7564.69,244.178,24.3732,103.076
2010,2010-11,365,True,,1444.18,1553.9,3.68816,116.31,116.36,4.15395,130.999,121.72,5.92701,186.914,144.8,8.38345,264.381,209.2,670.474,21144.1,7718.29,711.657,49.2776,120.621
2011,2011-12,366,True,,1152.95,1662.17,2.11626,66.9211,32.25,2.43456,76.9867,34.32,3.84891,121.712,55.12,5.93686,187.738,95,388.36,12280.9,5350.45,505.35,43.8311,134.865
2012,2012-13,365,True,,1049.36,1694,1.63307,51.5004,77.21,1.85636,58.542,80.1,2.68677,84.7299,97.26,3.79619,119.717,120.12,301.327,9502.64,2569.54,322.252,30.7094,137.046
2013,2013-14,365,True,,1308.68,1511.85,2.71592,85.6492,60.73,3.06984,96.8103,59.65,4.30951,135.905,57.7,5.93329,187.112,92.81,547.909,17278.9,4668.88,503.667,38.4866,129.791
2014,2014-15,365,True,,860.67,1563.93,0.448466,14.1428,7.9,0.495808,15.6358,8.81,0.68,21.4445,12.5,0.926712,29.2248,16.88,210.794,6647.59,2394.12,78.667,9.14021,127.594
2015,2015-16,366,True,,916.83,1641.48,1.20298,38.0411,33.11,1.34612,42.5676,31.04,1.88503,59.6091,41.01,2.61937,82.8308,69.15,245.34,7758.25,2305.16,222.963,24.3189,127.325
2016,2016-17,365,True,,1076.62,1574.32,1.85433,58.4781,77.36,2.08986,65.9059,74.68,3.08008,97.1335,88.71,4.45025,140.343,101.25,369.915,11665.6,3782.56,377.774,35.0889,136.072
2017,2017-18,365,True,,881.22,1569.04,1.388,43.772,33.26,1.56153,49.2445,39.73,2.14715,67.7125,51.12,2.89403,91.266,63.12,363.719,11470.2,3690.65,245.669,27.8783,140.107
2018,2018-19,365,True,,1074.62,1557.87,2.04123,64.3723,34.1,2.32866,73.4365,33.94,3.21551,101.404,40.39,4.31633,136.12,43.4,526.034,16589,6320.81,366.406,34.0963,132.944
2019,2019-20,366,True,,1161.75,1470.46,1.08044,34.166,17.89,1.20497,38.1041,17.83,1.85131,58.5429,23.82,2.81063,88.8788,31.96,289.649,9159.4,1909.45,239.243,20.5933,132.761
2020,2020-21,365,True,,713.36,1538.03,0.616192,19.4322,10.63,0.688986,21.7279,9.76,0.977123,30.8146,15.58,1.362,42.952,23.25,222.092,7003.89,2544.63,115.618,16.2075,110.618
2021,2021-22,365,True,,1182.14,1467.57,1.4249,44.9358,53.27,1.6091,50.7444,52.09,2.51671,79.367,59.02,3.84271,121.184,102.94,456.674,14401.7,6939.93,326.201,27.5941,103.963
2022,2022-23,365,True,,1136.12,1511.4,1.89775,59.8476,74.04,2.12016,66.8615,75.49,2.73795,86.3438,70.87,3.418,107.79,76.9,399.283,12591.8,7509.87,290.148,25.5385,102.77
2023,2023-24,366,True,,937.54,1570.95,1.35333,42.7956,51.43,1.52891,48.3477,53.91,2.37806,75.2,75.43,3.64456,115.25,108.75,272.457,8615.75,2596.48,310.228,33.0896,95.5839
2024,2024-25,365,True,,1151.36,1527.64,2.1071,66.4494,46.28,2.37951,75.0401,52.38,3.58208,112.965,75.67,5.33778,168.332,117.18,413.859,13051.5,4555.98,453.115,39.3548,109.495
2025,2025-26,365,True,,1221.33,1450.21,2.28422,72.0351,56.22,2.59622,81.8744,55.78,3.98493,125.669,73.18,6.00151,189.264,111.44,457.868,14439.3,5083.52,509.458,41.7134,120.138
2026,2026-27,116,False,part year (to 24 Sep 2026),830.44,481.42,2.7375,27.4363,35.37,3.06069,30.6755,38.67,4.51647,45.2658,52.61,6.57905,65.9379,71.53,815.47,8172.96,3352.13,177.491,,
